Summary,Created,Updated,Last Viewed,Resolved,Labels,Description,Category,Review_Flag,Match_Details
Huxley-API-Deploy-CI-WebRole_V2_Main pipeline,22/08/2025 10:21,25/08/2025 14:24,,25/08/2025 14:24,,failing working with Alexey ,Release Effort,NO,API:1; Customer Support:1; Prod Errors:1; Release Effort:2
Silverfin,18/08/2025 21:29,25/08/2025 11:16,,,,"Silverin a MYOB partner has reported two main issues during their migration to TPAM via the AccountRight Public API: (1) Only Administrator users can select company files during the consent flow while normal users cannot proceed despite being able to view them and (2) repeated """"API key has exceeded the per-second rate limit"""" errors when using their new client ID. Troubleshooting to date has involved reviews of usage plans, client ID status, consent flow logic, and Apigee/API traffic routing. Slack Convo: [https://myob.slack.com/archives/CU4FWH6CA/p1755474060673489|https://myob.slack.com/archives/CU4FWH6CA/p1755474060673489|smart-link] h4. Issue 1: Consent Flow & Company File Selection * When performing the consent flow, only users with Administrator permissions can select a company file for authorization. * Normal users can see the list of company files but are blocked from selecting them. There is a related message above the dropdown (possibly for security). * This is a change from previous sandbox testing, where normal users could select company files. * Clarification sought on whether this is intentional for all third-party developers, or a configuration/security issue. h4. Issue 2: API Rate Limiting Errors * Partner receives the error: """"API key has exceeded the per-second rate limit"""", even after switching to a new client ID. * The team is unclear if the rate limit error source is Apigee or internal API enforcement. * New client ID provided: {{567a0735-4f8b-4058-a41b-1acc64341f9f}} * Previous client ID (from older dev environment): {{b7ff1ffc-d833-4ecc-a770-87fa5d78ded3}} (not compatible with new consent flow)",Feature Support,YES,API:4; Customer Support:1; Feature Support:6; Prod Errors:1; Prod/Test:2
SLO alert for 504 (Gateway timeouts),14/08/2025 09:57,19/08/2025 13:51,,19/08/2025 13:51,,h1. Description Since yesterday (13/08/2025) we began getting SLO alerts for 504 errors. We need to investigate if it‚Äôs a real issue (504 errors got worse) and our alerts are incorrectly configured.,Prod Errors,NO,Customer Support:1; Prod Errors:4
Fletcher Group - provide prod certificate,14/08/2025 08:41,25/08/2025 14:25,,25/08/2025 14:25,,"*Value Statement* As Fletcher Building Group is transitioning to Tradelink, for integration purposes they want access to a pre-prod key and a copy of their XML data along with clear insights into how our supplier feed customers are handled, so that we can efficiently test and ensure smooth functionality before going live with the integration. This will help streamline our operations and ensure system compatibility with Tradelink. *Acceptance Criteria* * The prod key is successfully provisioned and provided to Fletcher Building Group for integration testing. * Fletcher Building Group receives a valid copy of their XML data that conforms to the expected format * Documentation or guidelines regarding how supplier feed customers are handled are delivered to Fletcher Building Group and meet their clarity requirements. *Out of Scope* Live production access keys or setup (only pre-prod keys are in scope). * Edits or modifications to the XML data itself beyond standard format validation. * Updates from XML to JSON h3. Tech notes # Integrators guestlist - [https://github.com/MYOB-Technology/monopoly-docs/blob/master/app/src/support/supplier-feeds/certificate-management/installing-new-client-certificates.md#1-add-new-thumbprint-to-integrators-guestlist|https://github.com/MYOB-Technology/monopoly-docs/blob/master/app/src/support/supplier-feeds/certificate-management/installing-new-client-certificates.md#1-add-new-thumbprint-to-integrators-guestlist] # Installing new Client Certificate - [https://myobconfluence.atlassian.net/wiki/spaces/PAR/pages/9064415278/Installing+new+Client+Certificates#Testing-the-changes|https://myobconfluence.atlassian.net/wiki/spaces/PAR/pages/9064415278/Installing+new+Client+Certificates#Testing-the-changes|smart-link] # Cert Expiry Notifier - [https://myobconfluence.atlassian.net/wiki/spaces/SNSS/pages/8862105839/Certificate+Expiry+Notifier|https://myobconfluence.atlassian.net/wiki/spaces/SNSS/pages/8862105839/Certificate+Expiry+Notifier|smart-link] # Supplier Feed Documentation - [https://myobconfluence.atlassian.net/wiki/spaces/PAR/pages/1459782091/Supplier+Feeds+mutual+TLS+register+and+upgrade+instructions|https://myobconfluence.atlassian.net/wiki/spaces/PAR/pages/1459782091/Supplier+Feeds+mutual+TLS+register+and+upgrade+instructions|smart-link] # Contacts can be found in Partner contacts[https://myobconfluence.atlassian.net/wiki/spaces/PAR/pages/9064285250/Partner+Contacts#Reece-%2F-Actrol-%2F-Metalflex|https://myobconfluence.atlassian.net/wiki/spaces/PAR/pages/9064285250/Partner+Contacts#Reece-%2F-Actrol-%2F-Metalflex|smart-link]",Certificate,NO,API:1; Certificate:4; Customer Support:3; Feature Support:2; Other:1; Prod/Test:3; Supplier Feeds:2
EXP 30 Aug-  Ampol certificate renewal,14/08/2025 08:15,26/08/2025 10:09,,26/08/2025 10:09,,"{panel:bgColor=#deebff} Pull ticket into sprint early so we don‚Äôt run out of time to contact Supplier {panel} *As* a developer that is a custodian of Supplier Feeds *I want to* renew {{connect-digital-nonprod.ampol.com.au}} for nonprod environment *So that* it doesn‚Äôt expire and our relationship with Ampol continues smoothly. h3. In Scope *From Slack channel* Name: [connect-digital-nonprod.ampol.com.au|http://connect-digital-nonprod.ampol.com.au/] Thumbprint: b17aa748bdbd4f194fbc0469e9b781d0db0f1e05 Expiring on: 2025-08-09 09:59:59 +0000 UTC h3. To Do # Request certificate renewal from Ampol. Specifically, ask for the Thumbprint of the certificate. We don‚Äôt require the full certificate. *** Ampol we request from them. # Add thumbprint to Integrator‚Äôs guestlist. # Team test the certificate. # Add this certificate to the cert expiry notifier. # Update Supplier Feed documentation with its expiry and serial number. # Update any name and email contacts if required. h3. How to test To Do 4: follow Curl command, to receive 400 or 422 for successful. - [https://myobconfluence.atlassian.net/wiki/spaces/PAR/pages/9064415278/Installing+new+Client+Certificates#Testing-the-changes|https://myobconfluence.atlassian.net/wiki/spaces/PAR/pages/9064415278/Installing+new+Client+Certificates#Testing-the-changes|smart-link] h3. Release strategy # Notify relevant external contacts that prod certificate has been renewed. ## Email 1 notifying team about expiry, that they need to renew the certificate and send us the certificate thumbprint. ## Email 2: notify team that the thumbprint has been added to the Integrator‚Äôs guestlist and that they can begin testing. ## Email 3: When notified by the team that testing is successful, notify team that the old thumbprint has been removed from the guestlist. h3. Tech notes # Integrators guestlist - [https://github.com/MYOB-Technology/monopoly-docs/blob/master/app/src/support/supplier-feeds/certificate-management/installing-new-client-certificates.md#1-add-new-thumbprint-to-integrators-guestlist|https://github.com/MYOB-Technology/monopoly-docs/blob/master/app/src/support/supplier-feeds/certificate-management/installing-new-client-certificates.md#1-add-new-thumbprint-to-integrators-guestlist] # Installing new Client Certificate - [https://myobconfluence.atlassian.net/wiki/spaces/PAR/pages/9064415278/Installing+new+Client+Certificates#Testing-the-changes|https://myobconfluence.atlassian.net/wiki/spaces/PAR/pages/9064415278/Installing+new+Client+Certificates#Testing-the-changes|smart-link] # Cert Expiry Notifier - [https://myobconfluence.atlassian.net/wiki/spaces/SNSS/pages/8862105839/Certificate+Expiry+Notifier|https://myobconfluence.atlassian.net/wiki/spaces/SNSS/pages/8862105839/Certificate+Expiry+Notifier|smart-link] # Supplier Feed Documentation - [https://myobconfluence.atlassian.net/wiki/spaces/PAR/pages/1459782091/Supplier+Feeds+mutual+TLS+register+and+upgrade+instructions|https://myobconfluence.atlassian.net/wiki/spaces/PAR/pages/1459782091/Supplier+Feeds+mutual+TLS+register+and+upgrade+instructions|smart-link] # Contacts can be found in Partner contacts[https://myobconfluence.atlassian.net/wiki/spaces/PAR/pages/9064285250/Partner+Contacts#Reece-%2F-Actrol-%2F-Metalflex|https://myobconfluence.atlassian.net/wiki/spaces/PAR/pages/9064285250/Partner+Contacts#Reece-%2F-Actrol-%2F-Metalflex|smart-link]",Certificate,YES,Certificate:5; Customer Support:3; Feature Support:1; Other:1; Prod/Test:3; Release Effort:1; Supplier Feeds:2
Demo/test website is publicly available,11/08/2025 09:19,13/08/2025 10:13,,,boltsupport,"Website address: [https://developer-myob-website-preprod.svc.platform.myobdev.com/|https://developer-myob-website-preprod.svc.platform.myobdev.com/] This seems like our internal testing site that is public available. This is causing confusion for our clients and third party developers, as they are referring to the outdated content on this website. Please make this website private or decommission if not needed. ",Prod/Test,NO,Customer Support:2; Other:1; Prod/Test:5; Release Effort:1
Supplier Feeds - Misaligned ledger from supplier feeds,08/08/2025 15:02,19/08/2025 06:46,,19/08/2025 06:46,,*As* a developer *I want* to ensure that all supplier feeds are mapped correctly *So that* customers receive their data and we don‚Äôt share with other customers. Currently there is an issue where NZ migrations of SE may have overwritten the supplier feed connection. FILE GUID PAIRED: 7aa15a6f-75ed-490d-8d90-c6d254c81db6 FILE GUID THAT SHOULD BE PAIRED: 2962b091-c697-4214-9b6c-9c410cef14f0 |ledger|product|serial|supplierId|user| |7aa15a6f-75ed-490d-8d90-c6d254c81db6|ARL|614134293606|59cda73f-a955-496b-9823-9edebc8846df|[wedoservices2@gmail.com|mailto:wedoservices2@gmail.com]| File connected to above data- 2962b091-c697-4214-9b6c-9c410cef14f0 h3. Acceptance Criteria * -Remove current incorrectly paired supplier feed and insert the correct CFID as per above information.- DONE,Supplier Feeds,NO,Customer Support:1; Prod/Test:1; Supplier Feeds:5
E2E test failing for bank feed auto approval endpoint,08/08/2025 09:04,14/08/2025 09:57,08/08/2025 16:04,12/08/2025 10:10,,"We are getting follow error in the E2E test for CI release pipeline ([https://huxleybuild.myob.myobcorp.net/go/tab/build/detail/Huxley-API-Deploy-CI-WebRole_V2_257/14/BDDTestsV2/9/Latest-Banking|https://huxleybuild.myob.myobcorp.net/go/tab/build/detail/Huxley-API-Deploy-CI-WebRole_V2_257/14/BDDTestsV2/9/Latest-Banking]) as screenshot indicates. the expected value is 18 but the test return 8. The sparkle team suggested it could caused by the recent feature toggle change: [https://github.com/MYOB-Technology/AccountRightDeployV2/pull/2082/files|https://github.com/MYOB-Technology/AccountRightDeployV2/pull/2082/files] Stay in touch with sparkle team, and make sure the test error is resolved before {{2025-08-13}}. Error can be validate by rerun the pipeline. [https://myob.slack.com/archives/C01SXSDGRBP/p1754553698122349|https://myob.slack.com/archives/C01SXSDGRBP/p1754553698122349|smart-link]",Release Effort,NO,API:2; Bank Feeds:1; Customer Support:1; Prod Errors:3; Release Effort:3
Public API Tech release 25.7,07/08/2025 14:39,11/08/2025 06:56,,08/08/2025 08:56,,* Release public API 25.7 to Prod * Make sure pipelines are all green,Release Effort,NO,API:2; Customer Support:1; Prod/Test:1; Release Effort:2
Update email in API error message to apisupport@myob.com,07/08/2025 14:09,13/08/2025 09:07,,13/08/2025 09:07,boltsupport,"The email address for error messages returned via the API is currently [developers@myob.com|mailto:developers@myob.com]. This email address is no longer monitored since 2022. Can we please have the email address displayed in API error messages to the current [apisupport@myob.com|mailto:apisupport@myob.com] email address which will create a new support ticket in our zendesk ticketing queues. Example error message returned for generic 500 ‚ÄúInternal Server Error‚Äù {noformat}{ """"Errors"""": [ { """"Name"""": """"InternalError"""", """"Message"""": """"An exception was thrown that was not handled correctly. If this situation persists please contact developers@myob.com for further assistance."""", """"AdditionalDetails"""": null, """"ErrorCode"""": 20, """"Severity"""": """"Error"""", """"LearnMore"""": null } ], """"Information"""": """"Warning, error messages have not been finalised in this release and may change"""" }{noformat}",Prod Errors,NO,API:1; Other:1; Prod Errors:3; Prod/Test:1; Release Effort:1
Emailing from API fails with error SendingEmailIsBlocked (error code 400),06/08/2025 10:16,11/08/2025 10:19,08/08/2025 16:02,11/08/2025 10:18,boltsupport,When attempting to email an invoice out of the API the client is met with an error SendingEmailIsBlocked. * Happening for all emails via API * Can send emails OK via AccountRight and WebUI * SecOps have confirmed the file is not on a blacklist * Unable to reproduce on my end with DFR_Copy of file: Can send both from UI and via API ---- Example client 1: Sumo log _code=Y2eCiTrpyqBlQw6kDOpd2P9WJwlK7U5Dn4zDuus2 Company file ID: fce41828-4e41-428e-aa35-1f7d31bd4afc Endpoint example: /Sale/Invoice/Item/5a0fcf27-45a3-49d2-9ea9-9cf46eb3ee9a/Email API Key: 30bfa95b-a82a-49d1-b324-a6d74f6cdde8 [https://myobapi.zendesk.com/agent/tickets/45757|https://myobapi.zendesk.com/agent/tickets/45757] ---- Example client 2: sumo code _code=2jSifv9J4QZTCny438DTNCjmqEFIVV9OKQsYOp0H Company file ID: 1647cc92-2ee1-4c32-bcb4-ab70ffa92800 Example endpoint: /Sale/Invoice/Item/e8831557-3e9a-494c-9842-bc8013463426/Email API Key: 744395f7-a6fd-4b74-a65b-e8271af26df8 [https://myobapi.zendesk.com/agent/tickets/45991|https://myobapi.zendesk.com/agent/tickets/45991],API,NO,API:3; Customer Support:1; Prod Errors:2; Prod/Test:1
ConsentWeb [Critical] Dependabot Vuln ‚Äì Predictable Boundary in form-data,29/07/2025 09:32,19/08/2025 15:23,,19/08/2025 15:23,,"[https://github.com/MYOB-Technology/business-api-consent-web/security/dependabot/30|https://github.com/MYOB-Technology/business-api-consent-web/security/dependabot/30] h3. Remediation SLA - Critical Triage SLA : 8 hours (/) | Remediation SLA : 1 day Dependabot uses [WIZ SLAs and Due Dates|https://myobconfluence.atlassian.net/wiki/spaces/security/pages/8742535904/Dependabot+Usage+Standard]. h3. Summary A critical security vulnerability (CVSS 9.4/10) has been identified in the form-data npm module (v4.0.1), affecting multiple projects in our dependency tree, including business-api-consent-web. The vulnerability arises because form-data uses JavaScript‚Äôs Math.random() to generate multipart form boundaries. Since Math.random() is a pseudo-random number generator (PRNG) and predictable under certain conditions, an attacker who can observe a sequence of its outputs may infer future values and thus predict the multipart boundary. This opens the door to injection attacks, particularly if the application sends user-controlled input via form-data. The vulnerability maps to CWE-330: Use of Insufficiently Random Values. h3. Customer Value Statement Remediating this vulnerability protects confidential customer data, maintains data integrity, and preserves trust in MYOB's platforms. Addressing critical security findings ensures compliance with industry best practices, minimizes exposure to targeted attacks, and demonstrates continued commitment to the security of our customers‚Äô information. ---- h3. Solution * *Upgrade or Patch:* Identify and upgrade all dependencies introducing form-data v4.0.1 (including, but not limited to, @vitest/coverage-v8, axios, cypress, jsdom, and vitest) to a secure version where the vulnerability is addressed. * *Monitor Downstream Fixes:* If a direct update is not yet available in top-level dependencies, monitor upstream projects and contribute/advocate for timely patching. * *Work Around:* As an interim mitigation, avoid sending user-controlled input using form-data when possible, or restrict exposure of Math.random()-generated outputs in server responses to minimize the risk of state prediction by attackers. ---- h3. Technical Documentation Risk Assesment: [https://myobconfluence.atlassian.net/wiki/spaces/SPPA/pages/10622926873/BOL-659+-+Dependabot+Vuln+Predictable+Boundary+in+form-data|https://myobconfluence.atlassian.net/wiki/spaces/SPPA/pages/10622926873/BOL-659+-+Dependabot+Vuln+Predictable+Boundary+in+form-data|smart-link]",Customer Support,YES,API:1; Customer Support:3; Feature Support:1; Other:3; Prod Errors:1; Prod/Test:1; Security:2
Broken pipeline Huxley-API-Deploy-CI-WebRole_Mainline,24/07/2025 10:43,07/08/2025 16:17,,28/07/2025 10:12,,"h2. Description Multiple tests in Huxley-API-Deploy-CI-WebRole_V2_Main E2E pipeline return 404 eror with the following HTML content. E.g. GET {{https://pub.api.myobdev.com/accountright-ci-mainline/ce95e58a-650b-49c3-a0f0-0e5484874440/Banking/BankFeeds/AutoApproval}}: {quote}{{""""<!DOCTYPE html PUBLIC \""""-//W3C//DTD XHTML 1.0 Strict//EN\"""" \""""http://www.w3.org/TR/xhtml1/DTD/xhtml1-strict.dtd\"""">\r\n<html xmlns=\""""http://www.w3.org/1999/xhtml\"""">\r\n<head>\r\n<meta http-equiv=\""""Content-Type\"""" content=\""""text/html; charset=iso-8859-1\""""/>\r\n<title>404 - File or directory not found.</title>\r\n<style type=\""""text/css\"""">\r\n<!--\r\nbody{margin:0;font-size:.7em;font-family:Verdana, Arial, Helvetica, sans-serif;background:#EEEEEE;}\r\nfieldset{padding:0 15px 10px 15px;} \r\nh1{font-size:2.4em;margin:0;color:#FFF;}\r\nh2{font-size:1.7em;margin:0;color:#CC0000;} \r\nh3{font-size:1.2em;margin:10px 0 0 0;color:#000000;} \r\n#header{width:96%;margin:0 0 0 0;padding:6px 2% 6px 2%;font-family:\""""trebuchet MS\"""", Verdana, sans-serif;color:#FFF;\r\nbackground-color:#555555;}\r\n#content{margin:0 0 0 2%;position:relative;}\r\n.content-container{background:#FFF;width:96%;margin-top:8px;padding:10px;position:relative;}\r\n-->\r\n</style>\r\n</head>\r\n<body>\r\n<div id=\""""header\""""><h1>Server Error</h1></div>\r\n<div id=\""""content\"""">\r\n <div class=\""""content-container\""""><fieldset>\r\n <h2>404 - File or directory not found.</h2>\r\n <h3>The resource you are looking for might have been removed, had its name changed, or is temporarily unavailable.</h3>\r\n </fieldset></div>\r\n</div>\r\n</body>\r\n</html>\r\n}}{quote} h2. References [https://huxleybuild.myob.myobcorp.net/go/tab/build/detail/Huxley-API-Deploy-CI-WebRole_V2_Main/1248/BDDTestsV2/6/Latest-Banking|https://huxleybuild.myob.myobcorp.net/go/tab/build/detail/Huxley-API-Deploy-CI-WebRole_V2_Main/1248/BDDTestsV2/6/Latest-Banking]",Release Effort,NO,API:1; Customer Support:1; Prod Errors:1; Prod/Test:1; Release Effort:2
Rotate *.dev.ar-services.myob.com certificate in CI environment,23/07/2025 16:00,30/07/2025 12:26,,30/07/2025 12:16,,"h2. Description We use {{wildcard-dev-ar-services-myob-com}} certificate in {{ci-eau-arlapikeyvault}} keyvault to install to our Public API cloud services. This certificate has expired, which is causing all Public API E2E tests to fail. We need to copy that certificate from the SIT key vault - {{sit-eau-arkeyvault}}. h2. Acceptance Criteria # The new version of {{wildcard-dev-ar-services-myob-com}} certificate is installed in {{ci-eau-arlapikeyvault}} key vault. # Public API E2E testing pipeline can successfully deploy API to both CI_MAINLINE and CI_RELEASE environment. # E2E tests do not fail because of the certificate verification.",Release Effort,YES,API:3; Certificate:2; Customer Support:1; Other:1; Prod Errors:1; Prod/Test:3; Release Effort:3
SIT Public API Certificate Failure Report,21/07/2025 15:15,23/07/2025 17:00,,23/07/2025 17:00,,"h3. Value Statement Removing the old ARL Huxley version from the API will improve system stability, reduce complexity in support and development, and ensure that only supported and secure versions are operational. This aligns with continuous delivery goals and supports the Bolt Support team's ability to maintain and monitor the API efficiently. h3. User Story *As a* Bolt Support team member, *I want* the old version (25.5) of ARL Huxley to be decommissioned from the API, *so that* we streamline support efforts by removing outdated version dependencies and reduce maintenance overhead. Follow [https://myobconfluence.atlassian.net/wiki/spaces/SPPA/pages/2139062666/Decommission+Huxley+version+from+API|https://myobconfluence.atlassian.net/wiki/spaces/SPPA/pages/2139062666/Decommission+Huxley+version+from+API|smart-link] to complete decommission 25.4 from public API. and deploy decommission changes to Prod",Release Effort,NO,API:2; Certificate:1; Other:2; Prod Errors:1; Prod/Test:2; Release Effort:2
Public API Decommission 25.6 (18th August),17/07/2025 07:19,20/08/2025 12:32,,20/08/2025 12:32,,"h3. Value Statement Removing the old ARL Huxley version from the API will improve system stability, reduce complexity in support and development, and ensure that only supported and secure versions are operational. This aligns with continuous delivery goals and supports the Bolt Support team's ability to maintain and monitor the API efficiently. h3. User Story *As a* Bolt Support team member, *I want* the old version (25.5) of ARL Huxley to be decommissioned from the API, *so that* we streamline support efforts by removing outdated version dependencies and reduce maintenance overhead. Follow [https://myobconfluence.atlassian.net/wiki/spaces/SPPA/pages/2139062666/Decommission+Huxley+version+from+API|https://myobconfluence.atlassian.net/wiki/spaces/SPPA/pages/2139062666/Decommission+Huxley+version+from+API|smart-link] to complete decommission 25.4 from public API. and deploy decommission changes to Prod",Release Effort,NO,API:2; Other:2; Prod/Test:1; Release Effort:2
Public API minor patch release,15/07/2025 08:49,16/07/2025 10:06,,15/07/2025 18:08,,One of the test is failing in 25.6 release pipeline however we got the approval from Charles to go ahead and fix it later. And this is the patch release that fix the test/error. [https://myob.slack.com/archives/C018EA740D7/p1751927999598969|https://myob.slack.com/archives/C018EA740D7/p1751927999598969],Release Effort,NO,API:2; Customer Support:1; Other:1; Prod Errors:2; Release Effort:2
Public API Decommission 25.5 (21st July),14/07/2025 07:54,23/07/2025 12:18,,23/07/2025 12:18,,"h3. Value Statement Removing the old ARL Huxley version from the API will improve system stability, reduce complexity in support and development, and ensure that only supported and secure versions are operational. This aligns with continuous delivery goals and supports the Bolt Support team's ability to maintain and monitor the API efficiently. h3. User Story *As a* Bolt Support team member, *I want* the old version (25.5) of ARL Huxley to be decommissioned from the API, *so that* we streamline support efforts by removing outdated version dependencies and reduce maintenance overhead. Follow [https://myobconfluence.atlassian.net/wiki/spaces/SPPA/pages/2139062666/Decommission+Huxley+version+from+API|https://myobconfluence.atlassian.net/wiki/spaces/SPPA/pages/2139062666/Decommission+Huxley+version+from+API|smart-link] to complete decommission 25.4 from public API. and deploy decommission changes to Prod",Release Effort,NO,API:2; Other:2; Prod/Test:1; Release Effort:2
Grant access to the Public API for OIP Merchant SignUp Service,11/07/2025 16:59,14/07/2025 14:21,,14/07/2025 14:21,,"SIT is granted. 11/07 PROD needs to be granted. Waiting for comms that SIT was successful. Prod command: {{myob-id admin clients grant --id accountright-public-api --sub oip-merchant-sign-up-service --name """"Allow OIP Merchant SignUp Service access Public API"""" --scopes '[{""""name"""":""""CompanyFile"""", """"desc"""": """"Can access all endpoints"""", """"type"""": """"app""""}]' --provider ids -P}} Tech notes: [https://myobconfluence.atlassian.net/wiki/spaces/SPPA/pages/10551690056/SME+Public+API+Authentication+With+M2M+Tokens|https://myobconfluence.atlassian.net/wiki/spaces/SPPA/pages/10551690056/SME+Public+API+Authentication+With+M2M+Tokens|smart-link] Slack support convo: [https://myob.slack.com/archives/CU4FWH6CA/p1752126029186579|https://myob.slack.com/archives/CU4FWH6CA/p1752126029186579|smart-link]",API,NO,API:3; Access Requests:2; Customer Support:2; Feature Support:1; Prod/Test:2
ClientId missing for CanonicalLogs,11/07/2025 10:38,07/08/2025 10:14,,07/08/2025 10:14,CanonicalLogs,"h3. üêõ *PROBLEM STATEMENT* After carrying out testing for canonical cogs in SIT to ensure all necessary fields are being populated correctly, there is 1 field *ClientId* that is not being populated when M2M token is used. *Related Ticket* [https://arlive.atlassian.net/browse/BOL-610|https://arlive.atlassian.net/browse/BOL-610|smart-link] h3. :test_tube: *ENVIRONMENT (SIT/PROD)* * SIT h3. üö¶ *SOFTWARE VERSION* * _What version did you notice it not working?_ ** 2025.6 h3. ‚ñ∂Ô∏è *CURRENT BEHAVIOUR* * When calling the API with the M2M token and canonical log is enabled then ClientId is not being recorded. Analyzing canonical logs in [Sumologic|https://service.au.sumologic.com/log-search/create?id=gKO3ioOXR3BqBWn6XVhwGP2yVawIaC4R299X6IXN] verifies that the value for *ClientId* is missing. h3. ‚úÖ *EXPECTED BEHAVIOUR* * When calling the API using M2M token, ClientId should be recorded for Canonical Logs ---- üóíÔ∏è *STEPS TO REPRODUCE* # Retrieve the SIT Public API Consent IDS client credential in 1Password # Make a post call to [{color:#ffffff}https://sit.login.myob.com/oauth2/token{color}|https://sit.login.myob.com/oauth2/token] retrieve the access_token {noformat}curl --location 'https://sit.login.myob.com/oauth2/token' \ --header 'Content-Type: application/x-www-form-urlencoded' \ --data-urlencode 'grant_type=client_credentials' \ --data-urlencode 'audience=accountright-public-api-sit' \ --data-urlencode 'client_id={client_id}' \ --data-urlencode 'client_secret={client_secret}'{noformat} # Then make a call to the SystemUser endpoint {noformat}curl --location 'https://sit-api.dev.ar-services.myob.com/accountright-sit/ab863f6e-6615-4940-9d34-f18e305c3e3f/Security/SystemUser' \ --header 'x-myobapi-key: {api-key}' \ --header 'x-myobapi-version: v2' \ --header 'Accept-Encoding: gzip,deflate' \ --header 'Authorization: Bearer {token}'{noformat} # Check in sumologic if ClientId is populated",API,YES,API:4; Access Requests:1; Customer Support:2; Feature Support:4; Other:1; Prod/Test:4
broken pipeline Huxley-API-Deploy-CI-WebRole_V2_256,09/07/2025 10:05,24/07/2025 10:46,,24/07/2025 09:20,,[https://huxleybuild.myob.myobcorp.net/go/pipeline/activity/Huxley-API-Deploy-CI-WebRole_V2_256|https://huxleybuild.myob.myobcorp.net/go/pipeline/activity/Huxley-API-Deploy-CI-WebRole_V2_256],Release Effort,NO,API:1; Customer Support:1; Release Effort:2
EXP 06 Aug -  Bunnings-client Certificate renewal,07/07/2025 11:11,06/08/2025 08:13,,06/08/2025 08:13,,"{panel:bgColor=#deebff} Pull ticket into sprint early so we don‚Äôt run out of time to contact Supplier {panel} *As* a developer that is a custodian of Supplier Feeds *I want to* renew {{Bunnings-client Certificate}} for prod environment *So that* it doesn‚Äôt expire and our relationship with {{Bunnings}} continues smoothly. h3. In Scope *From Slack channel* Name: Bunnings-client Certificate Thumbprint: edebc359df7ce8095a243c80f1205e1943f0ab3a Expiring on: 2025-08-06 00:00:00 +0000 UTC h3. To Do # Renew certificates in digicert. # With received certificate, add certificate zip to 1Password. # Add thumbprint to Integrator‚Äôs guestlist. # Test the certificate. # Add this certificate to the cert expiry notifier. # Update Supplier Feed documentation with its expiry and serial number. # Update any name or email contacts if required. h3. How to test To Do 4: follow Curl command, to receive 400 or 422 for successful. - [https://myobconfluence.atlassian.net/wiki/spaces/PAR/pages/9064415278/Installing+new+Client+Certificates#Testing-the-changes|https://myobconfluence.atlassian.net/wiki/spaces/PAR/pages/9064415278/Installing+new+Client+Certificates#Testing-the-changes|smart-link] h3. Release strategy # Notify relevant external contacts that prod certificate has been renewed. We should not send the cert zip and password in same email. ## Email 1 notifying team about expiry and attach zipped certificate. ## Email 2: link with password. A private bin link will likely be password protected blocked. h3. Tech notes # DigiCert¬Æ TLS *renewal* order, for {{[]}} certificate expiration is []. The serial number: {{[]. }}The Thumbprint: []. Industry guidelines limit the maximum TLS certificate validity to 397 days. Order number: *[]* # Integrators guestlist - [https://github.com/MYOB-Technology/monopoly-docs/blob/master/app/src/support/supplier-feeds/certificate-management/installing-new-client-certificates.md#1-add-new-thumbprint-to-integrators-guestlist|https://github.com/MYOB-Technology/monopoly-docs/blob/master/app/src/support/supplier-feeds/certificate-management/installing-new-client-certificates.md#1-add-new-thumbprint-to-integrators-guestlist] # Installing new Client Certificate - [https://myobconfluence.atlassian.net/wiki/spaces/PAR/pages/9064415278/Installing+new+Client+Certificates#Testing-the-changes|https://myobconfluence.atlassian.net/wiki/spaces/PAR/pages/9064415278/Installing+new+Client+Certificates#Testing-the-changes|smart-link] # Cert Expiry Notifier - [https://myobconfluence.atlassian.net/wiki/spaces/SNSS/pages/8862105839/Certificate+Expiry+Notifier|https://myobconfluence.atlassian.net/wiki/spaces/SNSS/pages/8862105839/Certificate+Expiry+Notifier|smart-link] # Supplier Feed Documentation - [https://myobconfluence.atlassian.net/wiki/spaces/PAR/pages/1459782091/Supplier+Feeds+mutual+TLS+register+and+upgrade+instructions|https://myobconfluence.atlassian.net/wiki/spaces/PAR/pages/1459782091/Supplier+Feeds+mutual+TLS+register+and+upgrade+instructions|smart-link] # Contacts are in our Partner contacts - update if required[https://myobconfluence.atlassian.net/wiki/spaces/PAR/pages/9064285250/Partner+Contacts|https://myobconfluence.atlassian.net/wiki/spaces/PAR/pages/9064285250/Partner+Contacts|smart-link]",Certificate,YES,Certificate:6; Customer Support:3; Feature Support:1; Other:1; Prod/Test:3; Release Effort:1; Supplier Feeds:2
EXP 30 July -  Officeworks Integrator PROD Certificate renewal,07/07/2025 11:05,30/07/2025 09:27,,30/07/2025 09:27,,"{panel:bgColor=#deebff} Pull ticket into sprint early so we don‚Äôt run out of time to contact Supplier {panel} *As* a developer that is a custodian of Supplier Feeds *I want to* renew {{officeworks-integrator-prd}} for prod environment *So that* it doesn‚Äôt expire and our relationship with {{Officeworks}} continues smoothly. h3. In Scope *From Slack channel* Name: OfficeWorks Integrator PROD Certificate Thumbprint: 885034dd7984f879bea50e1f26fa8c736262c5f0 Expiring on: 2025-07-30 00:00:00 +0000 UTC h3. To Do # Renew certificates in digicert. # With received certificate, add certificate zip to 1Password. # Add thumbprint to Integrator‚Äôs guestlist. # Test the certificate. # Add this certificate to the cert expiry notifier. # Update Supplier Feed documentation with its expiry and serial number. # Update any name and email contacts if required. h3. How to test To Do 4: follow Curl command, to receive 400 or 422 for successful. - [https://myobconfluence.atlassian.net/wiki/spaces/PAR/pages/9064415278/Installing+new+Client+Certificates#Testing-the-changes|https://myobconfluence.atlassian.net/wiki/spaces/PAR/pages/9064415278/Installing+new+Client+Certificates#Testing-the-changes|smart-link] h3. Release strategy # Notify relevant external contacts that prod certificate has been renewed. We should not send the cert zip and password in same email. ## Email 1 notifying team about expiry and attach zipped certificate. ## Email 2: link with password. A private bin link will likely be password protected blocked. h3. Tech notes # DigiCert¬Æ TLS *renewal* order for, for {{[]}} certificate expiration is []. The serial number: {{[]. }}The Thumbprint: []. Industry guidelines limit the maximum TLS certificate validity to 397 days. Order number: *[]* # Integrators guestlist - [https://github.com/MYOB-Technology/monopoly-docs/blob/master/app/src/support/supplier-feeds/certificate-management/installing-new-client-certificates.md#1-add-new-thumbprint-to-integrators-guestlist|https://github.com/MYOB-Technology/monopoly-docs/blob/master/app/src/support/supplier-feeds/certificate-management/installing-new-client-certificates.md#1-add-new-thumbprint-to-integrators-guestlist] # Installing new Client Certificate - [https://myobconfluence.atlassian.net/wiki/spaces/PAR/pages/9064415278/Installing+new+Client+Certificates#Testing-the-changes|https://myobconfluence.atlassian.net/wiki/spaces/PAR/pages/9064415278/Installing+new+Client+Certificates#Testing-the-changes|smart-link] # Cert Expiry Notifier - [https://myobconfluence.atlassian.net/wiki/spaces/SNSS/pages/8862105839/Certificate+Expiry+Notifier|https://myobconfluence.atlassian.net/wiki/spaces/SNSS/pages/8862105839/Certificate+Expiry+Notifier|smart-link] # Supplier Feed Documentation - [https://myobconfluence.atlassian.net/wiki/spaces/PAR/pages/1459782091/Supplier+Feeds+mutual+TLS+register+and+upgrade+instructions|https://myobconfluence.atlassian.net/wiki/spaces/PAR/pages/1459782091/Supplier+Feeds+mutual+TLS+register+and+upgrade+instructions|smart-link] # Contacts are in our Partner contacts - update if required[https://myobconfluence.atlassian.net/wiki/spaces/PAR/pages/9064285250/Partner+Contacts|https://myobconfluence.atlassian.net/wiki/spaces/PAR/pages/9064285250/Partner+Contacts|smart-link]",Certificate,YES,Certificate:6; Customer Support:3; Feature Support:1; Other:1; Prod Errors:1; Prod/Test:3; Release Effort:1; Supplier Feeds:2
25.6 Tech Release - 9/7,07/07/2025 10:12,10/07/2025 09:32,,10/07/2025 09:32,,Standard deployment of public API: [https://myobconfluence.atlassian.net/wiki/spaces/SPPA/pages/10546642945/Public+API+Major+Release+-+25.6|https://myobconfluence.atlassian.net/wiki/spaces/SPPA/pages/10546642945/Public+API+Major+Release+-+25.6|smart-link] h1. *Key Cross functional dates* *Code cut off -* {{2025-07-04}} *ARL and Public API Tech release to Production -* {{2025-07-09}} *3pm* *Partner pre release comm's -* {{2025-07-10}} *2pm* *Release Go/No-Go -* {{2025-07-16}} *1pm* *MYOB Business & ARL release -* {{2025-07-16}} *8pm* *Decommission 25.5* - 28th July Public API domain deployment doc - [https://myobconfluence.atlassian.net/wiki/x/AQChdAI|https://myobconfluence.atlassian.net/wiki/x/AQChdAI|smart-link],Release Effort,NO,API:3; Other:1; Prod/Test:1; Release Effort:3
EXP 06 Aug-  Reece SIT & PROD certificate renewal,07/07/2025 10:03,04/08/2025 15:38,,04/08/2025 15:38,,"{panel:bgColor=#deebff} Pull ticket into sprint early so we don‚Äôt run out of time to contact Supplier {panel} *As* a developer that is a custodian of Supplier Feeds *I want to* renew {{Reece Plumbing SIT}} for nonprod environment and {{Reece PROD Certificate}} for prod environment, *So that* it doesn‚Äôt expire and our relationship with Reece continues smoothly. h3. In Scope *From Slack channel* Name: *Reece Plumbing SIT* Thumbprint: 95340a4021ba9f066fa41362a302958b436a6a60 Expiring on: 2025-08-06 23:59:59 +0000 UTC ------------------------------------------ Name: *Reece PROD Certificate* Thumbprint: e6b4983294df609e415ec2dde0d7237e912db49f Expiring on: 2025-08-06 23:59:59 +0000 UTC h3. To Do # Renew certificates in digicert. # With received certificate, add certificate zip to 1Password. # Add thumbprint to Integrator‚Äôs guestlist. # Test the certificate. # Add this certificate to the cert expiry notifier. # Update Supplier Feed documentation with its expiry and serial number. # Update any name and email contacts if required. h3. How to test To Do 4: follow Curl command, to receive 400 or 422 for successful. - [https://myobconfluence.atlassian.net/wiki/spaces/PAR/pages/9064415278/Installing+new+Client+Certificates#Testing-the-changes|https://myobconfluence.atlassian.net/wiki/spaces/PAR/pages/9064415278/Installing+new+Client+Certificates#Testing-the-changes|smart-link] h3. Release strategy # Notify relevant Reece people that prod certificate has been renewed. We should not send the cert zip and password in same email. ## Email 1 notifying team about expiry and attach zipped certificate. ## Email 2: link with password. A private bin link will likely be password protected blocked. h3. Tech notes # DigiCert¬Æ TLS *renewal* order for, ## DigiCert¬Æ TLS order for {{[]}} certificate expiration is []. The serial number: {{[]. }}The Thumbprint: []. Industry guidelines limit the maximum TLS certificate validity to 397 days. Order number: *[]* ## DigiCert¬Æ TLS order for {{[]}} certificate expiration is []. The serial number: {{[]. }}The Thumbprint: []. Industry guidelines limit the maximum TLS certificate validity to 397 days. Order number: *[]* # Integrators guestlist - [https://github.com/MYOB-Technology/monopoly-docs/blob/master/app/src/support/supplier-feeds/certificate-management/installing-new-client-certificates.md#1-add-new-thumbprint-to-integrators-guestlist|https://github.com/MYOB-Technology/monopoly-docs/blob/master/app/src/support/supplier-feeds/certificate-management/installing-new-client-certificates.md#1-add-new-thumbprint-to-integrators-guestlist] # Installing new Client Certificate - [https://myobconfluence.atlassian.net/wiki/spaces/PAR/pages/9064415278/Installing+new+Client+Certificates#Testing-the-changes|https://myobconfluence.atlassian.net/wiki/spaces/PAR/pages/9064415278/Installing+new+Client+Certificates#Testing-the-changes|smart-link] # Cert Expiry Notifier - [https://myobconfluence.atlassian.net/wiki/spaces/SNSS/pages/8862105839/Certificate+Expiry+Notifier|https://myobconfluence.atlassian.net/wiki/spaces/SNSS/pages/8862105839/Certificate+Expiry+Notifier|smart-link] # Supplier Feed Documentation - [https://myobconfluence.atlassian.net/wiki/spaces/PAR/pages/1459782091/Supplier+Feeds+mutual+TLS+register+and+upgrade+instructions|https://myobconfluence.atlassian.net/wiki/spaces/PAR/pages/1459782091/Supplier+Feeds+mutual+TLS+register+and+upgrade+instructions|smart-link] # Contacts can be found in Partner contacts[https://myobconfluence.atlassian.net/wiki/spaces/PAR/pages/9064285250/Partner+Contacts#Reece-%2F-Actrol-%2F-Metalflex|https://myobconfluence.atlassian.net/wiki/spaces/PAR/pages/9064285250/Partner+Contacts#Reece-%2F-Actrol-%2F-Metalflex|smart-link]",Certificate,YES,Certificate:6; Customer Support:3; Feature Support:1; Other:1; Prod/Test:4; Release Effort:1; Supplier Feeds:2
EXP 09 Aug-  Ampol certificate renewal,07/07/2025 10:02,14/08/2025 08:22,,11/08/2025 14:51,,"{panel:bgColor=#deebff} Pull ticket into sprint early so we don‚Äôt run out of time to contact Supplier {panel} *As* a developer that is a custodian of Supplier Feeds *I want to* renew {{connect-digital-nonprod.ampol.com.au}} for nonprod environment *So that* it doesn‚Äôt expire and our relationship with Ampol continues smoothly. h3. In Scope *From Slack channel* Name: [connect-digital-nonprod.ampol.com.au|http://connect-digital-nonprod.ampol.com.au/] Thumbprint: b17aa748bdbd4f194fbc0469e9b781d0db0f1e05 Expiring on: 2025-08-09 09:59:59 +0000 UTC h3. To Do # Request certificate from Ampol. *** Ampol we request from them. # With received certificate, add certificate zip to 1Password. # Add thumbprint to Integrator‚Äôs guestlist. # Test the certificate. # Add this certificate to the cert expiry notifier. # Update Supplier Feed documentation with its expiry and serial number. # Update any name and email contacts if required. h3. How to test To Do 4: follow Curl command, to receive 400 or 422 for successful. - [https://myobconfluence.atlassian.net/wiki/spaces/PAR/pages/9064415278/Installing+new+Client+Certificates#Testing-the-changes|https://myobconfluence.atlassian.net/wiki/spaces/PAR/pages/9064415278/Installing+new+Client+Certificates#Testing-the-changes|smart-link] h3. Release strategy # Notify relevant external contacts that prod certificate has been renewed. We should not send the cert zip and password in same email. ## Email 1 notifying team about expiry and attach zipped certificate. ## Email 2: link with password. A private bin link will likely be password protected blocked. h3. Tech notes # DigiCert¬Æ TLS *renewal* order for {{connect-digital-nonprod.ampol.com.au}} certificate expiration is []. The serial number: {{[]. }}The Thumbprint: []. Industry guidelines limit the maximum TLS certificate validity to 397 days. Order number: *[]* # Integrators guestlist - [https://github.com/MYOB-Technology/monopoly-docs/blob/master/app/src/support/supplier-feeds/certificate-management/installing-new-client-certificates.md#1-add-new-thumbprint-to-integrators-guestlist|https://github.com/MYOB-Technology/monopoly-docs/blob/master/app/src/support/supplier-feeds/certificate-management/installing-new-client-certificates.md#1-add-new-thumbprint-to-integrators-guestlist] # Installing new Client Certificate - [https://myobconfluence.atlassian.net/wiki/spaces/PAR/pages/9064415278/Installing+new+Client+Certificates#Testing-the-changes|https://myobconfluence.atlassian.net/wiki/spaces/PAR/pages/9064415278/Installing+new+Client+Certificates#Testing-the-changes|smart-link] # Cert Expiry Notifier - [https://myobconfluence.atlassian.net/wiki/spaces/SNSS/pages/8862105839/Certificate+Expiry+Notifier|https://myobconfluence.atlassian.net/wiki/spaces/SNSS/pages/8862105839/Certificate+Expiry+Notifier|smart-link] # Supplier Feed Documentation - [https://myobconfluence.atlassian.net/wiki/spaces/PAR/pages/1459782091/Supplier+Feeds+mutual+TLS+register+and+upgrade+instructions|https://myobconfluence.atlassian.net/wiki/spaces/PAR/pages/1459782091/Supplier+Feeds+mutual+TLS+register+and+upgrade+instructions|smart-link] # Contacts can be found in Partner contacts[https://myobconfluence.atlassian.net/wiki/spaces/PAR/pages/9064285250/Partner+Contacts#Reece-%2F-Actrol-%2F-Metalflex|https://myobconfluence.atlassian.net/wiki/spaces/PAR/pages/9064285250/Partner+Contacts#Reece-%2F-Actrol-%2F-Metalflex|smart-link]",Certificate,YES,Certificate:6; Customer Support:3; Feature Support:1; Other:1; Prod/Test:3; Release Effort:1; Supplier Feeds:2
Supplier Feeds - [NUCLEUS][MED] Enable server certificate validation on this SSL/TLS connection,04/07/2025 12:03,28/07/2025 10:10,,28/07/2025 10:10,,"[SLA Rating] Medium - 633 [Triage] - 14 days [Remediation] - 120 days h3. Summary: Nucleus: Enable server certificate validation on this SSL/TLS connection. - VULNERABILITY Source: SONARQUBE Description: SonarQube found issue: go:S4830 Target: Asset name: integrator-service [master] - Path: sonar-sme:SupplierFeeds:tasks/integrator-client/client.go h3. Solution: Enable server certificate validation on this SSL/TLS connection. Component: sonar-sme:SupplierFeeds:tasks/integrator-client/client.go Line: 102 Text Range: Start Line: 102 End Line: 102 Start Offset: 15 End Offset: 25 h3. References: Type: VULNERABILITY Fix Effort: 5min Debt: 5min Tags: cwe,privacy,ssl Nucleus Risk Score: 630 Max Severity: High Exploitable: No Date Discovered: 2025-07-03 02:22:52 Please see [https://nucleus-aus2.nucleussec.com/nucleus/public/app/index.php?sso=b3JnX2lkJTNEMTQwMDAwMDAlMjZkb21haW4lM0RteW9iLmNvbQ==#vuln/15000001/Z286UzQ4MzAtVlVMTkVSQUJJTElUWQ--/U09OQVJRVUJF/VnVsbg--/MzYwODc4NDE-/MTUwMDAwMDE-/aG9zdHN1bW1hcnk-/false/false/43029641|https://nucleus-aus2.nucleussec.com/nucleus/public/app/index.php?sso=b3JnX2lkJTNEMTQwMDAwMDAlMjZkb21haW4lM0RteW9iLmNvbQ==#vuln/15000001/Z286UzQ4MzAtVlVMTkVSQUJJTElUWQ--/U09OQVJRVUJF/VnVsbg--/MzYwODc4NDE-/MTUwMDAwMDE-/aG9zdHN1bW1hcnk-/false/false/43029641] for more information on these vulnerabilities",Security,NO,Certificate:2; Customer Support:2; Feature Support:1; Prod Errors:1; Security:3; Supplier Feeds:3
Supplier Feeds - [NUCLEUS][MED] Enable server hostname verification on this SSL/TLS connection,04/07/2025 11:59,04/08/2025 13:31,,04/08/2025 13:31,,"[SLA Rating] Medium - 633 [Triage] - 14 days [Remediation] - 120 days h3. Summary: Nucleus: Enable server hostname verification on this SSL/TLS connection. - VULNERABILITY Source: SONARQUBE Description: SonarQube found issue: go:S5527 Asset Information Asset Name: integrator-service [master] Path: sonar-sme:SupplierFeeds:tasks/integrator-client/client.go h3. Solution: Enable server hostname verification on this SSL/TLS connection. Component: sonar-sme:SupplierFeeds:tasks/integrator-client/client.go Line: 102 Text Range: Start Line: 102 End Line: 102 Start Offset: 15 End Offset: 25 h3. References: Type: VULNERABILITY Fix Effort: 5min Debt: 5min Tags: cwe,privacy,ssl Nucleus Risk Score: 630 Max Severity: High Exploitable: No Date Discovered: 2025-07-03 02:22:52 Please see [https://nucleus-aus2.nucleussec.com/nucleus/public/app/index.php?sso=b3JnX2lkJTNEMTQwMDAwMDAlMjZkb21haW4lM0RteW9iLmNvbQ==#vuln/15000001/Z286UzU1MjctVlVMTkVSQUJJTElUWQ--/U09OQVJRVUJF/VnVsbg--/MzYwODc4NDE-/MTUwMDAwMDE-/aG9zdHN1bW1hcnk-/false/false/43029641|https://nucleus-aus2.nucleussec.com/nucleus/public/app/index.php?sso=b3JnX2lkJTNEMTQwMDAwMDAlMjZkb21haW4lM0RteW9iLmNvbQ==#vuln/15000001/Z286UzU1MjctVlVMTkVSQUJJTElUWQ--/U09OQVJRVUJF/VnVsbg--/MzYwODc4NDE-/MTUwMDAwMDE-/aG9zdHN1bW1hcnk-/false/false/43029641] for more information on these vulnerabilities",Security,NO,Certificate:1; Customer Support:2; Prod Errors:1; Security:3; Supplier Feeds:3
Supplier Feeds - [NUCLEUS][MED] Use a secure mode and padding scheme for this encryption algorithm.,04/07/2025 11:54,28/07/2025 10:10,,28/07/2025 10:10,,"[SLA Rating] Medium - 633 [Triage] - 14 days [Remediation] - 120 days h3. Summary Nucleus: Use a secure mode and padding scheme for this encryption algorithm. - VULNERABILITY h3. Source: SONARQUBE Description: SonarQube found issue: go:S5542 Asset Information Asset Name: integrator-service [master] Path: sonar-sme:SupplierFeeds:myob/jwt.go h3. Solution: Use a secure mode and padding scheme for this encryption algorithm. Component: sonar-sme:SupplierFeeds:myob/jwt.go Line: 154 Text Range: Start Line: 154 End Line: 154 Start Offset: 12 End Offset: 26 h3. References: Type: VULNERABILITY Fix Effort: 20min Debt: 20min Tags: cwe,privacy Nucleus Risk Score: 630 Max Severity: High Exploitable: No Date Discovered: 2025-07-03 02:22:52 Please see [https://nucleus-aus2.nucleussec.com/nucleus/public/app/index.php?sso=b3JnX2lkJTNEMTQwMDAwMDAlMjZkb21haW4lM0RteW9iLmNvbQ==#vuln/15000001/Z286UzU1NDItVlVMTkVSQUJJTElUWQ--/U09OQVJRVUJF/VnVsbg--/MzYwODc4NDE-/MTUwMDAwMDE-/aG9zdHN1bW1hcnk-/false/false/43029641|https://nucleus-aus2.nucleussec.com/nucleus/public/app/index.php?sso=b3JnX2lkJTNEMTQwMDAwMDAlMjZkb21haW4lM0RteW9iLmNvbQ==#vuln/15000001/Z286UzU1NDItVlVMTkVSQUJJTElUWQ--/U09OQVJRVUJF/VnVsbg--/MzYwODc4NDE-/MTUwMDAwMDE-/aG9zdHN1bW1hcnk-/false/false/43029641] for more information on these vulnerabilities",Security,NO,Customer Support:1; Prod Errors:1; Security:3; Supplier Feeds:2
Consent Web App - [WIZ][Critical] endpoint exposing Next.js vulnerability,04/07/2025 11:52,16/07/2025 09:55,,16/07/2025 09:55,,"[https://app.wiz.io/issues#~(filters~(status~(equals~(~'OPEN~'IN_PROGRESS)))~issue~'76607ec1-b8e1-4c1b-88d3-c99556df47d4)|https://app.wiz.io/issues#%7E%28filters%7E%28status%7E%28equals%7E%28%7E%27OPEN%7E%27IN_PROGRESS%29%29%29%7Eissue%7E%2776607ec1-b8e1-4c1b-88d3-c99556df47d4%29] *Environment:* dev *Location:* dev-business-api-consent-web *Severity:* Critical *Remediation:* 5 mins(suggested) h3. Description This container has Next.js validated as exposed by the Wiz Dynamic Scanner, and a CVE-2025-29927 detected via agentless scanning. Publicly exposed resources are more easily accessible for an attacker than internal ones. The vulnerability allows attackers to bypass authentication and other security mechanisms enforced via middleware by manipulating the {{x-middleware-subrequest}} header. h3. Initial Access The entry point for an attacker is the publicly exposed *hxxps://dev-business-api-consent-web[.]svc[.]platform[.]myobdev[.]com:443/* endpoint, which serves *Next.js* vulnerable to CVE-2025-29927. h3. Execution An attacker can exploit CVE-2025-29927 in *Next.js* by manipulating the {{x-middleware-subrequest}} header to bypass authentication and security mechanisms enforced via middleware. h3. Impact The vulnerability allows unauthorized access to protected resources, potentially compromising the *dev-business-api-consent-web* deployment in the {{ex-cluster-preprod}} subscription. This could lead to data breaches, unauthorized actions, or further system compromise. h3. Additional Information CVE-2025-29927 is a critical vulnerability in Next.js versions 14.0.0 to 14.2.24. It has known exploits available and can be remediated by updating to version 14.2.25 or higher. h3. Further info * the issue 'resolves' itself, that's why it is probably not there for you, but I expect that it will appear again. It is suspected that it is caused by the pod being an ephemeral instance. When the resource is gone, Wiz takes that as the issue is resolved and the issue will pop back up when the pod is up again. screenshots before the vulnerability ‚Äòresolves‚Äô itself again !Screenshot (317).png|width=2560,height=1600,alt=""""Screenshot (317).png""""! !Screenshot (316).png|width=2560,height=1600,alt=""""Screenshot (316).png""""! Triage document: [https://myobconfluence.atlassian.net/wiki/spaces/SPPA/pages/10573776129/CVE-2025-29927+Next.js+Middleware+Bypass+Vulnerability|https://myobconfluence.atlassian.net/wiki/spaces/SPPA/pages/10573776129/CVE-2025-29927+Next.js+Middleware+Bypass+Vulnerability|smart-link]",Security,YES,API:2; Customer Support:2; Feature Support:1; Other:1; Prod Errors:1; Prod/Test:2; Release Effort:1; Security:2
Failing Public API Pipeline,03/07/2025 09:45,04/07/2025 13:06,,04/07/2025 13:06,,h1. Description Public API main testing pipeline has been failing for long time: [https://huxleybuild.myob.myobcorp.net/go/tab/build/detail/Huxley-API-Deploy-CI-WebRole_V2_Main/1201/BDDCommon/5/BDDTestsCommon|https://huxleybuild.myob.myobcorp.net/go/tab/build/detail/Huxley-API-Deploy-CI-WebRole_V2_Main/1201/BDDCommon/5/BDDTestsCommon],Release Effort,NO,API:2; Customer Support:1; Prod Errors:1; Prod/Test:1; Release Effort:2
Grant access to FS team to use S2S token in public API,30/06/2025 10:06,03/07/2025 13:04,,03/07/2025 13:04,,"2 teams have reached out to use the S2S token in Public API SIT: {{3DxAJ3lWMxyfWGanBKLcfWkLB4ThluDU}} PROD: {{JUy8gndVD10p7BGhhYZTnzBI5qW8tPbl}} SIT: qrE4fnDQBuPiEkjsBLlkyPLNnbeP1vp9 PROD: bVDMaMnyFlcHPk5hN5N2mBpFqDlRo12q Base on the conversation with identity team, the problem seems to be the team is providing MYOBID client where as public API currently is on IDS client. h1. Updated Clients h2. Payment Routing Service SIT: {{sit-payment-routing-service}} (/) h2. Popeye ARL Adapter SIT: {{popeye-arl-public-api-sit}} (/) Conversation in Slack # [https://myob.slack.com/archives/CU4FWH6CA/p1750818448201129|https://myob.slack.com/archives/CU4FWH6CA/p1750818448201129|smart-link] # [https://myob.slack.com/archives/CU4FWH6CA/p1750744378297949|https://myob.slack.com/archives/CU4FWH6CA/p1750744378297949|smart-link] # [https://myob.slack.com/archives/C0EV19KC7/p1751428573617049|https://myob.slack.com/archives/C0EV19KC7/p1751428573617049|smart-link]",API,YES,API:2; Access Requests:2; Customer Support:1; Other:1; Prod/Test:2
Public API Decommission 25.4,23/06/2025 08:40,22/07/2025 10:20,,24/06/2025 08:31,,Follow [https://myobconfluence.atlassian.net/wiki/spaces/SPPA/pages/2139062666/Decommission+Huxley+version+from+API|https://myobconfluence.atlassian.net/wiki/spaces/SPPA/pages/2139062666/Decommission+Huxley+version+from+API|smart-link] to complete decommission 25.4 from public API. and deploy decommission changes to Prod,Release Effort,NO,API:2; Other:2; Prod/Test:1; Release Effort:2
Fletcher Group - provide pre prod certificate,18/06/2025 10:32,14/08/2025 08:41,,19/06/2025 18:10,,"*Value Statement* As Fletcher Building Group is transitioning to Tradelink, for integration purposes they want access to a pre-prod key and a copy of their XML data along with clear insights into how our supplier feed customers are handled, so that we can efficiently test and ensure smooth functionality before going live with the integration. This will help streamline our operations and ensure system compatibility with Tradelink. *Acceptance Criteria* * The pre-prod key is successfully provisioned and provided to Fletcher Building Group for integration testing. * Fletcher Building Group receives a valid copy of their XML data that conforms to the expected format * Documentation or guidelines regarding how supplier feed customers are handled are delivered to Fletcher Building Group and meet their clarity requirements. *Out of Scope* Live production access keys or setup (only pre-prod keys are in scope). * Edits or modifications to the XML data itself beyond standard format validation. * Updates from XML to JSON",Prod/Test,NO,API:1; Certificate:1; Customer Support:2; Feature Support:2; Other:1; Prod/Test:3; Supplier Feeds:1
Planned for 23rd June(Prior to HRP) Due 30th - Rotate the DNA Service Account User key,17/06/2025 17:38,23/06/2025 13:15,,23/06/2025 13:15,,"Date required by DNA team: [TBC] Public API send logs data to the Data and Analytics Platform. For the Public API to send logs to the data lake we need to rotate AWS Key/Secret. For the process of rotation look here: [https://myobconfluence.atlassian.net/wiki/spaces/Mira/pages/9156464135/DNA+Service+Account+User+key+AWS+Key+Secret+Rotation+Process|https://myobconfluence.atlassian.net/wiki/spaces/Mira/pages/9156464135/DNA+Service+Account+User+key+AWS+Key+Secret+Rotation+Process|smart-link] New values for the Key/Secret are saved in 1Password, the Entry: ‚ÄúAWS Secret Rotation for Public API logger‚Äù h2. Acceptance Criteria # New Key/secrets are updated in the key vaults # API logger deployed in PROD, PDV and SIT environments # Public API logs are in Snowflake Slack communication: [https://myob.slack.com/archives/CU4FWH6CA/p1750138871679519|https://myob.slack.com/archives/CU4FWH6CA/p1750138871679519]",API,YES,API:3; Other:1; Prod/Test:3; Release Effort:1
Bankfeeds Certificate Removal,17/06/2025 09:02,18/06/2025 10:37,08/08/2025 16:04,18/06/2025 10:37,,Sparkle team have finished their cert renew and released to Prod. They require our team to help remove the old certificate in Public API side. * *Bank Feed Push Service* ** SIT - Thumbprint: {{EA4A713EA2500E2DB3DC77E44AB515199007ECCC}} ** Prod - Thumbprint: {{7D927951DFBCF7C9AD21FFD26A9CD0CDEE7EB4E5}} * *BankFeeds Auto Approval Service* ** SIT - Thumbprint: {{30D315ACC7FC1E3B5B9B2A87E079CE3B545A9F3B}} ** Prod - Thumbprint: {{5943126B134618715B3CC219B5CDA044F324F6D2}},Certificate,NO,API:2; Bank Feeds:1; Certificate:2; Prod Errors:1; Prod/Test:2; Release Effort:1
Review the documentation needed for Tradelink,12/06/2025 08:08,18/06/2025 10:38,,18/06/2025 10:38,,"Mike at Fletcher group raised the following: With our move from SOA to MuleSoft, we have discovered that the current way of connecting SOA to MYOB is not compatible with MuleSoft without a lot of custom development. Are you able to share your API documentation with us so our developers can look at their options? [~accountid:6384ea69489de2f7f46521d0] - provided the documentation attached as information we could provide Tradelink. It would be good to look at SUMO or Snowflake to investigate if Tradelink have any other custom fields. h3. Acceptance Criteria * Pull all endpoints that Tradelink/Fletcher building group are currently hitting * Confirm documentation has Fletcher group specific details and make it fit their business. * Add some MYOB branding and make it a PDF.",API,NO,API:2; Customer Support:1
Install new certificate for team Titan in SIT,04/06/2025 10:01,06/06/2025 11:32,,06/06/2025 11:32,,"Information can be find in [https://myob.slack.com/archives/CU4FWH6CA/p1748935087429059|https://myob.slack.com/archives/CU4FWH6CA/p1748935087429059|smart-link] . The goal is to follow: [https://myobconfluence.atlassian.net/wiki/spaces/Mira/pages/10155393029/Adding+new+Public+API-related+certificate|https://myobconfluence.atlassian.net/wiki/spaces/Mira/pages/10155393029/Adding+new+Public+API-related+certificate|smart-link] , install a new certificate in public API in SIT. The certificate can be found in 1Password: *migration-svc-accountright-api-SIT*",API,NO,API:2; Certificate:1; Prod/Test:1
Public API 25.5 release,02/06/2025 09:42,05/06/2025 09:12,,05/06/2025 09:12,,Public API release to prod on {{2025-06-04}} [https://myobconfluence.atlassian.net/wiki/spaces/Mira/pages/10442047489/Public+API+Major+Release+-+25.5|https://myobconfluence.atlassian.net/wiki/spaces/Mira/pages/10442047489/Public+API+Major+Release+-+25.5|smart-link],API,NO,API:2; Prod/Test:1; Release Effort:1
Review PI in Public API Logs in Log Analytcs,28/05/2025 16:56,07/07/2025 09:54,,07/07/2025 09:54,,"{panel:bgColor=#deebff} h1. Objective The Nexo team needs to have access to Public API App Insights information logged in Azure, to help an investigation of Collab Web API integration. Before we allow that access, we need to make sure that those logs don‚Äôt contain PI information. {panel} {panel:bgColor=#eae6ff} h1. Technical Info We need to review the following Log Analytics Workspaces: # {{eau-ar-api-loganalytics-ws}} # {{eau-ar-api-loganalytics-ws}} I‚Äôve requested access to it for the Bolt team. {panel}",API,NO,API:2
Update Westpac Downloader File Name and Date,28/05/2025 10:59,25/06/2025 09:38,,25/06/2025 09:38,,"The {{There are 1 alerts of type ERROR-sme-westpac-cust-status-downloader-error-counter}} [alert|https://myob.slack.com/archives/C051XP97H5J/p1748390828593829] in channel {{svc-westpac-cust-status-downloader-alerts}} and splunk is consistently firing due to the westpac downloader sFTP file name not being today‚Äôs date so it can‚Äôt find the file to download. We approached Westpac and said nothing is wrong on their side (see richard for email information) this means the code update now falls on us to ensure the PROD alerts cease, and only fire when there is a real PROD problem. We know that the Shared customer info is still coming through the downloader the in the files, so there is no issue with the customer. This work needs to be complete so noise can be reduced. There are 2 piece of work to be done, # update file names to ensure that they show today and yesterday‚Äôs dates. This will need to be done daily until the code change is complete. üëà # code change to update file name with today‚Äôs date - 1 day. {{downloader / worker.cs / line 52}} # update tests accordingly.",Prod Errors,NO,Customer Support:1; Feature Support:1; Other:1; Prod Errors:2; Prod/Test:1
2025.3 decom,26/05/2025 09:40,02/06/2025 16:26,,27/05/2025 16:20,,,,NO,
Update Public API GoCD pipelines to use agents with VS2022 Build Tools Image,09/05/2025 14:07,16/05/2025 15:05,,15/05/2025 13:41,,{panel:bgColor=#deebff} h2. User Story *As* maintainers of Public API Service *We* want to use consistent build environments between pipelines and dev boxes. {panel} h2. Acceptance Criteria TBD. h2. Technical Notes TBD.,Release Effort,YES,API:2; Customer Support:1; Other:1; Prod/Test:1; Release Effort:2
Some users cannot access Solo ledgers via the Public-API,07/05/2025 10:47,18/06/2025 17:41,,12/05/2025 09:54,,"h3. Summary Whilst testing, the Solo team noticed that they were getting an {{Access Denied}} error when using the Public-API with User-Tokens of certain users in the SIT environment, but not others. An investigation was performed, and from this we determined that the issue was being caused by the inclusion of a User check in the Collab-API code. This behaviour was not in the original flow where the Public-API was reading the Collab-DB directly, and a) is not required, b) only detects ARL users and so is breaking the flow for SMEP ledger users and hence c) can/should be removed. h3. Acceptance Criteria # Users of the Public-API should be able to successfully target any ARL or SMEP (e.g. MYOBB, Solo etc) ledgers they are authorised for in Collab when the Collab-API is in use by the Public-API. # Let Nexo know so that they can turn the Collab-API master toggle back on. It is currently off as a workaround for this issue. h3. Testing * There will be a couple of existing Unit and Integration tests that will need to be modified as they will fail once the * Ensure at least 1 E2E test that includes use of the new Collab-API, includes a non-ARL ledger (e.g. MYOBB Pro or similar) *Technical info* Remove the {{ValidateTheUser()}} from the {{MYOB.Huxley.Collaboration.PublicAPIService}} class in Collab (i.e. in the {{Collaboration.sln}} solution) and re-deploy to SIT/Prod. [https://github.com/MYOB-Technology/Collaboration/blob/b8b922bfcb5fe5a1ffa9f1218a5d8a81ffac9185/Huxley.Collaboration/PublicAPIService.cs|https://github.com/MYOB-Technology/Collaboration/blob/b8b922bfcb5fe5a1ffa9f1218a5d8a81ffac9185/Huxley.Collaboration/PublicAPIService.cs#L69] *Slack Reference:* [Link to Slack Conversation|https://myob.slack.com/archives/CU4FWH6CA/p1746406598045089]",Prod/Test,YES,API:1; Customer Support:1; Prod Errors:2; Prod/Test:4; Release Effort:1; Supplier Feeds:1
25.4 Tech Release - 7/5,06/05/2025 08:22,07/07/2025 10:15,,08/05/2025 11:29,,Standard deployment of public API: [https://myobconfluence.atlassian.net/wiki/spaces/SMEPE/pages/10282172417/ARL+2025.4+-+May+Release+Timeline+of+Activities|https://myobconfluence.atlassian.net/wiki/spaces/SMEPE/pages/10282172417/ARL+2025.4+-+May+Release+Timeline+of+Activities|smart-link] * Features code cut off - 2nd May 2025 * {color:#006644}*Tech ARL and Public API release to Production - 7th May 2025*{color} * {color:#006644}*Partner pre release comm's - 8th May*{color} * Final code cut off & Domain sign off - 8th May 2025 * PAPI deployment - 12th May 2025 * MYOB Business & ARL release - 14th May 2025 * Decomission 25.3 26th May Sign off document - [https://myobconfluence.atlassian.net/wiki/spaces/SMEPE/pages/2671838477/Domain+Release+Sign-off|https://myobconfluence.atlassian.net/wiki/spaces/SMEPE/pages/2671838477/Domain+Release+Sign-off|smart-link],Release Effort,NO,API:2; Prod/Test:1; Release Effort:3
'Access Denied' for some Solo files,06/05/2025 08:10,13/05/2025 14:42,,07/05/2025 13:53,,"h3. Support Request [https://myob.slack.com/archives/CU4FWH6CA/p1746406598045089|https://myob.slack.com/archives/CU4FWH6CA/p1746406598045089|smart-link] h3. Background Solo are receiving {{Access Denied}} on Solo files where the user is an Admin/business owner of the file. The file has a {{CompanyFileId}} and {{Tenancy}}, but no {{UID}} associated to the {{Tenancy}} of the file. Users that have access to both ARL and SMEPE(MYOBB & Solo) files don‚Äôt receive {{Access Denied}}. h3. Environment SIT only h3. Impact Assessment Solo - testing in SIT is affected - not currently an issue in PROD. _The errors are not found in the PROD environment._ Nexo - may be affected with their cohort releases if it is a bug in Collab * Affects work in play in both teams sprints h3. Attachments !image (28) (57fd0914-e8ec-43fa-938e-73b7ed3ca362).png|width=1106,height=549,alt=""""image (28).png""""! h3. Technical Info Sumo query: {{_code=ncSKiq18JOBRbj1TteP7BE8TkJmsu0pqIDeKwKDx}} Sumo message link example 1: [https://service.au.sumologic.com/ui/#/search/create?id=1Opf4jY3gYf9GvP2xJXniq8lsYNo0glJGby7ShFg&messageLocators=[{""""messageId""""%3A""""-7011976566196511503""""%2C""""blockId""""%3A""""-2099046362052145572""""}]&triggerSearch=true|https://service.au.sumologic.com/ui/#/search/create?id=1Opf4jY3gYf9GvP2xJXniq8lsYNo0glJGby7ShFg&messageLocators=%5B%7B%22messageId%22%3A%22-7011976566196511503%22%2C%22blockId%22%3A%22-2099046362052145572%22%7D%5D&triggerSearch=true] Sumo message link example 2: [https://service.au.sumologic.com/ui/#/search/create?id=ncSKiq18JOBRbj1TteP7BE8TkJmsu0pqIDeKwKDx&messageLocators=[{""""messageId""""%3A""""-7484814951491871957""""%2C""""blockId""""%3A""""-5451571509758375077""""}]&triggerSearch=true|https://service.au.sumologic.com/ui/#/search/create?id=ncSKiq18JOBRbj1TteP7BE8TkJmsu0pqIDeKwKDx&messageLocators=%5B%7B%22messageId%22%3A%22-7484814951491871957%22%2C%22blockId%22%3A%22-5451571509758375077%22%7D%5D&triggerSearch=true] In code, * Collab: [PublicAPIService.cs|https://github.com/MYOB-Technology/Collaboration/blob/ef480a62cda778f3344d1fa6492f5aec6b5a71ac/Huxley.Collaboration/PublicAPIService.cs] * Public API: [CollabApiCloudRepository.cs|https://github.com/MYOB-Technology/AccountRight/blob/6ff1a56a38c450842f053237ac23185680bb1fe1/Api/Service/Common/Huxley.API.Cloud.Infrastructure/Collab/CollabApiCloudRepository.cs] Solo file and user id affected: {{CFileId=ad31d294-9234-460b-8976-1237433beeee}} {{MyDotUserId=3260cc3e-3967-4270-9e53-a58379f0fd47}}",Prod/Test,YES,API:2; Customer Support:1; Other:1; Prod Errors:2; Prod/Test:4; Release Effort:1
[Investigation] Discrepancy between Gateway and Azure Services traffic logs for timed out requests,05/05/2025 16:32,28/05/2025 16:45,,28/05/2025 16:42,,"h1. Background All Public API requests from TPAs go through API Gateway and then reach Azure Cloud Service. As a result number of requests reported by Gateway and Service should be very similar, with Gateway latency to be expected slightly bigger due latency between Gateway (AWS) and Service (Azure). In fact, for majority request we can confirm that, where Gateway latency is usually exceeds the Service latency for roughly 10ms. However, I‚Äôve found a significant discrepancy when reported timed out requests in the Gateway and long-running requests in Service. h1. Observation h2. Total Numbers For investigation I used an arbitrary 1-hour timeframe: {{05/05/2025 1:00:00 PM}} to {{05/05/2025 2:00:00 PM}} Gateway reported *3,693* timed out requests ([query|https://service.au.sumologic.com/ui/#/search/create?id=sgWkq1QgbkUZ2krf5cmQBZYuM0xcgC4sorn7XAF0]) in that hour. Service reported *1,426* requests that took more than 59 seconds ([query|https://service.au.sumologic.com/ui/#/search/create?id=Q62xUfgm2lo2TPZc7WxVNUpfx6bDXeHT7IFQKUog]) in the same timeframe. h2. Individual Requests I found two identical requests in Gateway logs to Public API that were called next to each other and were reported very differently by Gateway and Service The request URL: {{PUT https://arl2.api.myob.com/accountright/8a18de5e-88ff-43e8-9d98-b26dde880bc5/Contact/EmployeeStandardPay/78da63db-93ca-460c-9ab1-512519c8dc71}} h3. Gateway ([query|https://service.au.sumologic.com/ui/#/search/create?id=86VUeJYRbxxdNDlFA9HijBK4AouiC6wWpK08ajLn]): * Request #1 (1:56:18 PM AEST) Returned 504 after 60 seconds time-out. * Request #2 (1:57:19 PM AEST) Returned 200 and with latency 920ms and integration latency 915ms h3. Service ([query|https://service.au.sumologic.com/ui/#/search/create?id=MH0rmPjZUWirFqB2em7k4ujgzLGe2qUbguk2caJs]) * Request #1 is missing * Request #2 (1:59:19 PM AEST) returned 200 with 907ms latency h3. Azure Application Insights Logs * App Insight logs contain a single record for a request with latency 911ms (3:59:17 AM UTC), but with {{ItemCount}} of 2, indicating that there were to events, but it it was sampled to record only one log, so it it‚Äôs hard to interpret the result. The possible explanation for the second identical request is that client retried the timed out request, so it makes a sense. However a missing log for the 1st request will need to be investigated. h1. Questions # What about other requests? Except the timed out requests are there any other requests that are logged in the gateway but are missing in cloud service logs. # Why are some requests are not logged in the Service? h1. References # KQL Query: {noformat}requests | where url contains """"employeestandardpay"""" and url contains """"8a18de5e-88ff-43e8-9d98-b26dde880bc5"""" and url contains """"78da63db-93ca-460c-9ab1-512519c8dc71"""" and name contains """"PUT"""" //| summarize sum(itemCount){noformat} working doc to record findings: [https://myobconfluence.atlassian.net/wiki/spaces/SPPA/pages/10387491239/API+Request+Discrepancy+Investigation+BOL-515|https://myobconfluence.atlassian.net/wiki/spaces/SPPA/pages/10387491239/API+Request+Discrepancy+Investigation+BOL-515|smart-link]",API,NO,API:2; Customer Support:1; Prod Errors:1
Investigate Increased number of 503 errors from API Gateway,14/04/2025 14:15,16/05/2025 15:06,,17/04/2025 11:10,,h2. Description Public API support team reported increased amount of 503 errors for Public API in the recent time. h2. References # Slack thread with [~accountid:557058:c69fcb4d-6cb5-46af-809d-2fdcb9b4f0ac] ; [https://myob.slack.com/archives/CU4FWH6CA/p1744336631759669|https://myob.slack.com/archives/CU4FWH6CA/p1744336631759669|smart-link] # Slack thread with Gateway support team: [https://myob.slack.com/archives/C015414GC4F/p1744604021913749|https://myob.slack.com/archives/C015414GC4F/p1744604021913749|smart-link],API,YES,API:2; Customer Support:1; Prod Errors:2
TPAM Consent App fails because of the invalid Mydot User ID,11/04/2025 14:23,16/05/2025 18:21,,14/04/2025 13:49,,h2. Description In the 7 days we could see 15 failing requests for consent where the MyDot User was not recognised: {noformat}The supplied user id <MyDot User ID GUID> not found{noformat} There are two User IDs that were flagged as invalid: * {{6071C16B-7297-4BE7-AA8D-0D252E799D68}} * {{24AFC8FC-E564-4E6C-8BA5-44B83AFE3303}} h2. Question # Is it expected behaviour when the user doesn‚Äôt have any ledgers associated with them.,Feature Support,NO,Customer Support:1; Feature Support:4; Prod Errors:1; Supplier Feeds:1
Investigate - TPAM Consent App fails to call Public API /consent endpoint,09/04/2025 11:02,16/05/2025 15:03,,14/04/2025 13:45,,"h2. Description We can see intermittent failures in Consent App where it fails to make calls to {{https://api-internal.ar-services.myob.com/accountright/consent}}[URL|https://api-internal.ar-services.myob.com/accountright/consentURL] ([Sumo query|https://service.au.sumologic.com/ui/#/search/create?id=XJO0PJRnvLrohRsV9OgTmYv3B8cZnFckFehJHzOi]) h2. Observation We cannot see any logs for calls to Public API /consent endpoint in either Azure Cloud Service (App Insight Log Analytics) nor Sumo Logs, corresponding to Consent App log. h2. References # Slack conversation with Jupiter support team: [https://myob.slack.com/archives/C5VLNTMFF/p1744159882710129|https://myob.slack.com/archives/C5VLNTMFF/p1744159882710129|smart-link] # Azure Log Analytics Query to see {{/consent}} calls: [Go to Log Analytics and run query|https://portal.azure.com#@cac5a16f-30d5-4456-8530-203588ef9eb3/blade/Microsoft_OperationsManagementSuite_Workspace/Logs.ReactView/resourceId/%2Fsubscriptions%2Ff3319335-1969-486c-a651-9b9ee2df61f6%2FresourceGroups%2Feau-ar-api-ai%2Fproviders%2Fmicrosoft.insights%2Fcomponents%2Feau-ar-api-es-ai/source/LogsBlade.AnalyticsShareLinkToQuery/q/H4sIAAAAAAAAAytKLSxNLS4p5qpRKM9ILUpVKMnMBfITcwsU7BQS0%252FM1jEwyNOGSpUU5Csn5eSWJmXnFCkpAVnFqXokSUDonMzezRMHQAADMXbejTwAAAA%253D%253D] # Sumo query: [https://service.au.sumologic.com/ui/#/search/create?id=XJO0PJRnvLrohRsV9OgTmYv3B8cZnFckFehJHzOi|https://service.au.sumologic.com/ui/#/search/create?id=XJO0PJRnvLrohRsV9OgTmYv3B8cZnFckFehJHzOi]",API,YES,API:3; Customer Support:1; Feature Support:3; Prod Errors:2
Investigate - Application error TPAM consent process,08/04/2025 10:12,16/05/2025 15:05,,,,"{panel:bgColor=#eae6ff} h2. Context When looking at Fullstory I saw this error. The user tried to connect and got the below. !image-20250408-001334.png|width=1812,height=466,alt=""""image-20250408-001334.png""""! {panel} {panel:bgColor=#e3fcef} h2. Correct behaviour User selects file, hits consent or cancel is granted or rejected. {panel}",Feature Support,YES,Access Requests:1; Feature Support:2; Prod Errors:2
Issue with Shared User Administrators in Consent Flow,03/04/2025 15:34,03/06/2025 07:23,,,,"*Summary* Shared user administrators are encountering the error message """"You must be Administrator"""" during the consent flow process. This has happened to Bella + 1 TPD testing out the consent flow. TPD issue linked below. This is occuring in the PROD environment. *Description* There is an issue affecting shared user administrators when they attempt to complete the consent flow process. The system incorrectly prompts the error message """"You must be Administrator,"""" preventing these users from proceeding to consent their company file as expected. Stuart fromPublic API support team confirmed with me that I am administrator and my key is registered.",API,YES,API:3; Customer Support:1; Feature Support:2; Prod Errors:2; Prod/Test:3
Consent Web: Add more logging to Consent App around calling Public API,25/03/2025 17:09,16/05/2025 16:31,,07/04/2025 08:26,,"h2. Description We have recently found that the Consent Web throws an error {{SyntaxError: Unexpected end of JSON input}}when attempting to make a call to Public API /consent endpoint. However we found two distinct scenarios, when exactly the same error happens: # The call is actually made to Public API, which we can see in the logs ({{_code=wi9oTeMXxKytBIZ5T6FE65fXZU7CdGMBcGNtIH3A}}) # No call to Public API is recorded in Sumo Logs ({{_code=kLp9DjCGcv7bFOYFerG16WhsutCmDK6bAMcAClx8}}) h2. Extra logging As the error is logged in the {{catch}} of the they {{try/catch}} block, we need to add more logging before and after making a call to {{/content}} endpoint in {{src/app/utils/publicAPIClient.ts}}file to narrow down where the issue occurs - during the call or before/after it.",API,NO,API:3; Customer Support:2; Feature Support:2; Prod Errors:2
Update Developer Website to avoid DDoS attack,25/03/2025 11:21,18/06/2025 14:38,,,,The [http://developer.myob.com|http://developer.myob.com|smart-link] website is an unsupported website with handcrafted API documentation. Infrastructure is in Python 2.7 Django and upgrading will lead to website not available. There are current HIGH vulnerabilities identified which could be lead to DDoS attach impacting Public API and enterprise consumers.,Security,NO,API:2; Customer Support:1; Other:2; Prod/Test:1; Security:2
2025.2 Decommission,24/03/2025 09:51,13/05/2025 14:57,,26/03/2025 11:06,,,Release Effort,NO,Other:1; Release Effort:1
Westpac IP Whitelisting Request,21/03/2025 16:16,13/05/2025 18:29,,02/04/2025 13:49,,"h2. Done-When: We have added new IP addresses to the white list as request by Westpac. h2. So-That: MYOB and Westpac can continue data exchange between our systems. h2. Details The existing and new IP addresses were shared with us by Westpac. The source document can be found in 1Password ({{Westpac IP Whitelist}}). Westpac wants to keep both existing and new IP addresses whitelisted until they decommission the old infrastructure (some time in April 2025). {adf:display=block} {""""type"""":""""table"""",""""attrs"""":{""""isNumberColumnEnabled"""":false,""""layout"""":""""center"""",""""localId"""":""""f4d9612d-cd5a-4142-9f7c-bd2e83754166""""},""""content"""":[{""""type"""":""""tableRow"""",""""content"""":[{""""type"""":""""tableCell"""",""""attrs"""":{""""colwidth"""":[157],""""rowspan"""":2,""""background"""":""""#d9d9d9""""},""""content"""":[{""""type"""":""""paragraph"""",""""content"""":[{""""type"""":""""text"""",""""text"""":""""Environment"""",""""marks"""":[{""""type"""":""""strong""""}]}]}]},{""""type"""":""""tableCell"""",""""attrs"""":{""""colwidth"""":[452],""""rowspan"""":2,""""background"""":""""#d9d9d9""""},""""content"""":[{""""type"""":""""paragraph"""",""""content"""":[{""""type"""":""""text"""",""""text"""":""""Current IP Address (As seen by external party)"""",""""marks"""":[{""""type"""":""""strong""""}]}]}]},{""""type"""":""""tableCell"""",""""attrs"""":{""""colwidth"""":[494],""""background"""":""""#d9d9d9""""},""""content"""":[{""""type"""":""""paragraph"""",""""content"""":[{""""type"""":""""text"""",""""text"""":""""Public IP Address to update"""",""""marks"""":[{""""type"""":""""strong""""}]}]}]}]},{""""type"""":""""tableRow"""",""""content"""":[{""""type"""":""""tableCell"""",""""attrs"""":{""""colwidth"""":[494],""""background"""":""""#d9d9d9""""},""""content"""":[{""""type"""":""""paragraph"""",""""content"""":[{""""type"""":""""text"""",""""text"""":""""(As seen by external party - i.e. if the external party needs to whitelist Westpac traffic, this is the address for them to use)"""",""""marks"""":[{""""type"""":""""strong""""}]}]}]}]},{""""type"""":""""tableRow"""",""""content"""":[{""""type"""":""""tableCell"""",""""attrs"""":{""""colwidth"""":[157]},""""content"""":[{""""type"""":""""paragraph"""",""""content"""":[{""""type"""":""""text"""",""""text"""":""""Test""""}]}]},{""""type"""":""""tableCell"""",""""attrs"""":{""""colwidth"""":[452]},""""content"""":[{""""type"""":""""paragraph"""",""""content"""":[{""""type"""":""""text"""",""""text"""":""""110.5.94.81""""},{""""type"""":""""hardBreak""""},{""""type"""":""""text"""",""""text"""":""""110.5.94.82""""},{""""type"""":""""hardBreak""""},{""""type"""":""""text"""",""""text"""":""""110.5.95.81""""}]}]},{""""type"""":""""tableCell"""",""""attrs"""":{""""colwidth"""":[494]},""""content"""":[{""""type"""":""""paragraph"""",""""content"""":[{""""type"""":""""text"""",""""text"""":""""166.120.6.56""""},{""""type"""":""""hardBreak""""},{""""type"""":""""text"""",""""text"""":""""166.120.4.56""""}]}]}]},{""""type"""":""""tableRow"""",""""content"""":[{""""type"""":""""tableCell"""",""""attrs"""":{""""colwidth"""":[157]},""""content"""":[{""""type"""":""""paragraph"""",""""content"""":[{""""type"""":""""text"""",""""text"""":""""Prod""""}]}]},{""""type"""":""""tableCell"""",""""attrs"""":{""""colwidth"""":[452]},""""content"""":[{""""type"""":""""paragraph"""",""""content"""":[{""""type"""":""""text"""",""""text"""":""""203.24.5.81""""},{""""type"""":""""hardBreak""""},{""""type"""":""""text"""",""""text"""":""""203.24.5.82""""},{""""type"""":""""hardBreak""""},{""""type"""":""""text"""",""""text"""":""""203.24.3.81""""}]}]},{""""type"""":""""tableCell"""",""""attrs"""":{""""colwidth"""":[494]},""""content"""":[{""""type"""":""""paragraph"""",""""content"""":[{""""type"""":""""text"""",""""text"""":""""166.120.5.56""""},{""""type"""":""""hardBreak""""},{""""type"""":""""text"""",""""text"""":""""166.120.7.56""""}]}]}]}]} {adf} h2. Acceptance Criteria # Investigate and confirm that we actually have maintain the IP whitelist for Westpac for both TEST and PROD environments. # Add two new IP addresses to corresponding lists. # Send the confirmation of the action to Westpac support [{color:#ffffff}WestpacMFTMigrationProject@westpac.com.au{color}|mailto:WestpacMFTMigrationProject@westpac.com.au]",Other,YES,Customer Support:2; Feature Support:1; Other:3; Prod/Test:2; Release Effort:1
Fix logging and HTTP client issues for Public API /consent endpoint,18/03/2025 14:40,16/05/2025 16:32,,04/04/2025 09:53,,"h2. Description While investigating the TPAM errors, we‚Äôve discovered several things that make it harder to track the root cause of the errors. The most important issues are in the {{PublicAPIClient}} class: # We don‚Äôt pass a correlation ID to inner calls to Public API, so it‚Äôs hard to track the failing calls. # We currently don‚Äôt log the details of underlying HTTP requests, because we don‚Äôt pass the logger to the HTTP client. # The current timeout is 30 seconds, which is too long. h2. How we fix it # Make sure we pass the {{CorrelationId}} from {{/consent}} endpoint to inner HTTP calls. # Make sure we pass correct logger to the HTTP client h2. Out of scope # Use a short timeout with a retry (e.g. 5 seconds with 3 retries). h2. Extra logging # Start and finish of consent request validation (/) # Check existing consent check (DB read) (/) # Start and finish of system user check (Public API HTTP call) (/) # Start and finish of creating a system user (Public API HTTP call) (/) # Start and finish of deleting a system user for rollback (Public API HTTP call) (/) # Start and finish for adding consent record (DB insert) (/)",Feature Support,NO,API:3; Customer Support:2; Feature Support:4; Prod Errors:3
"Investigate """"Unexpected end of JSON input"""" Error",17/03/2025 18:08,16/05/2025 16:33,,18/03/2025 14:49,,"{panel:bgColor=#deebff} h2. Important Information or Question‚Äôs * Investigate the cause of the errors related to ‚ÄúSyntaxError: Unexpected end of JSON input‚Äù over the past few days. * Are there any patterns or commonalities between the error occurrences (such as the time of occurrence, specific endpoints involved, or types of requests that trigger the errors)? * How is this affecting the user experience? Are there any issues reported? {panel} {panel:bgColor=#eae6ff} h2. To Do * Investigate * Triage: determine the severity and potential fixes. If it's a straightforward issue, apply a time-boxed approach to implement a quick solution. * Document Findings in Confluence. {panel} {panel:bgColor=#fffae6} h2. Out of scope # Fixing the errors (focus is on investigation) {panel} {panel:bgColor=#ffebe6} h2. Monitoring and Logging # Document any further occurrences and frequency of the errors. {panel} {panel:bgColor=#eae6ff} h2. Technical notes * Cluster: jupiter-europa * Source: sme.prod-business-api-consent-web * {{n8n}} app: ** correlation id: {{be7abd5c-0f8b-4da1-84f9-f42989cc72a2}} * {{ConsentSecurityOperationClient: Get the company file's user role list failed.}} {panel} h2. Investigation In the last 24 hours (as of 11am 18/03/2025), there were 24 consent requests processed by Public API. Out of this 24 requests 6 requests failed: # 1 request failed because ledger version was not supported:{{""""The Company File version is not supported.}} We need to make an HTTP request to Public API retrieve a role of the user, and if the ledger version is not supported, the call will fail. # 4 errors: {{ConsentSecurityOperationClient: Get the company file's user role list failed.}}The underlying exception is {{System.AggregateException: One or more errors occurred. ---> System.Threading.Tasks.TaskCanceledException: A task was canceled. }}The task were canceled after 30 seconds. The 30 seconds timeout is configured in the HTTP Client level that we use. # 1 error {{PublicApiClient: Get system user failed. }}The underlying exception is {{System.AggregateException: One or more errors occurred. ---> System.Threading.Tasks.TaskCanceledException: A task was canceled.}} The tasks were canceled after 30 seconds. We can combine errors 2 & 3, meaning that 5 out 24 requests (21% failed because a request to Public API failed) Sumo query with error details: [https://service.au.sumologic.com/ui/#/search/create?id=STf7Sz20HDDq36yV6FffXuAUxrVw14UdJ3csMUi3|https://service.au.sumologic.com/ui/#/search/create?id=STf7Sz20HDDq36yV6FffXuAUxrVw14UdJ3csMUi3] h2. Technical Information # To check the user role for the ledger, /consent controller code needs to make an HTTP call to Public API endpoint {{/SecurityUser}}. We can see that this calls fails after 30 seconds, and there are no logs that this call arrives to Public API at all. # We don‚Äôt pass the original{{correlationId}} to the subsequent call, therefore it‚Äôs hard to trace these inner calls. # We pass a null instance of the logger to the {{PublicAPIClient}} class, as a result, there are some logs missing from the Sumo logs.",Prod Errors,NO,API:3; Customer Support:1; Feature Support:3; Other:1; Prod Errors:4; Prod/Test:1; Supplier Feeds:1
Public API cannot process consent request,14/03/2025 12:22,16/05/2025 16:33,,17/03/2025 12:58,,"h2. Context We have found occurrences where Public API could not process consents requests (via /consent endpoint) because of the API Key rate limiting error. h2. Root Cause Inside /consent endpoint code logic, we call another Public API endpoint to check the user role (is they need to be an admin). We use s2s token for this call, therefore we don‚Äôt need to go via the Gateway URL - [api.myob.com/accountright|http://api.myob.com/accountright] (it‚Äôs intended for external clients only). The Gateway URL requires the API key, and we supply the TPA API key, which is totally wrong. h2. How To Fix # Replace [api.myob.com/accountright|http://api.myob.com/accountright] with [api-internal.ar-services.myob.com/accountright|http://api-internal.ar-services.myob.com/accountright] # Remove API key header from the call to API. # Actual code: {{Api/Service/Common/Huxley.API.Core.Infrastructure/Consent/PublicApiClient.cs (IsAdminUser)}}",API,NO,API:5; Customer Support:1; Feature Support:2; Other:1; Prod Errors:1
Investigate Supplier feed error related to Ampol,11/03/2025 12:15,13/05/2025 14:45,,11/03/2025 15:54,,[https://myob.slack.com/archives/C06M71HFMME/p1741655021708509|https://myob.slack.com/archives/C06M71HFMME/p1741655021708509|smart-link],Prod Errors,YES,Prod Errors:1; Supplier Feeds:1
StpCategory not updating via API,07/03/2025 09:59,13/05/2025 14:44,,07/03/2025 16:30,,Investigate an issue that a TPA experienced with STP Categories [https://arlive.atlassian.net/browse/SAPTB-410|https://arlive.atlassian.net/browse/SAPTB-410|smart-link],API,NO,API:1
SIT and Prod: Inconsistent error message when TPA tries to access ledger data for a different user,28/02/2025 15:16,16/05/2025 16:32,,01/04/2025 11:15,,"h3. Steps to Replicate ||*Scenario*||*Expected*||*Actual*|| |Given that a TPA has consent for a ledger And consent is for a granular scope, example sme-sales When TPA sends a request with _same scope_ to Public API endpoint corresponding to that scope (example /Sale/Invoice) And the ledger belongs to a *different user* who has not granted consent|The response message should be {{""""OAuthTokenIsInvalid""""}} (consistent with other error messages)|The response message is {{ConsentIsInvalid}}| |Given that a TPA has consent for a ledger And consent is for a granular scope, example sme-sales When TPA sends a request with _same scope_ to Public API endpoint corresponding to that scope (example /Sale/Invoice) And the ledger belongs to the *same user* And it‚Äôs a *different ledger* such that user has not granted consent for it|The response message should be {{""""OAuthTokenIsInvalid""""}} (consistent with other error messages)|The response message is {{ConsentIsInvalid}}| * The bug doesn‚Äôt exist if the target endpoint is not the one belonging to the scope category. Example, for sme-sales scope, if request endpoint is /Purchase/Bill, then correct response ({{""""OAuthTokenIsInvalid""""}}) is shown This bug originated from testing done as part of [https://myobconfluence.atlassian.net/wiki/spaces/PAR/pages/10244620679/Testing+Runsheet+for+Public+API|https://myobconfluence.atlassian.net/wiki/spaces/PAR/pages/10244620679/Testing+Runsheet+for+Public+API|smart-link]",API,YES,API:3; Access Requests:1; Feature Support:3; Prod Errors:2; Prod/Test:3; Supplier Feeds:1
SIT: TPA with granular scope in request cannot access root endpoint,28/02/2025 15:07,16/05/2025 16:31,,11/03/2025 19:28,,"h3. Steps to Replicate Given that a TPA has granular scope sme-company-file And a valid access token When TPA sends a request to Public API root endpoint, {{https://arl2.api.myobdev.com/accountright-sit}} *Actual ‚Üí* The response code is 401 with error {{ConsentIsInvalid}} !image-20250228-041107.png|width=1132,height=321,alt=""""image-20250228-041107.png""""! *Expected* ‚Üí Response code should be {{200}} with an empty array in the response body * Check the existing unit test coverage for this use case and add to the coverage if needed h3. Regression Test Scenario # Given that a TPA has granular scope sme-company-file And a valid access token When TPA sends a request to Public API root endpoint/{{cfguid}, {{https://arl2.api.myobdev.com/accountright-sit/{{cfguid}}}} Then the response code is 200 And the response payload contains list of endpoints associated to the ledger # Given that a TPA *does not have* granular scope sme-company-file And a valid access token When TPA sends a request to Public API root endpoint, {{https://arl2.api.myobdev.com/accountright-sit/}} Then the response code is 401 When TPA sends a request to Public API root endpoint/{{cfguid}, {{https://arl2.api.myobdev.com/accountright-sit/{{cfguid}}}} Then the response code is 401",API,NO,API:3; Feature Support:2; Other:1; Prod Errors:1; Prod/Test:1; Supplier Feeds:1
Add more unit test to public API,28/02/2025 11:01,16/05/2025 15:06,,,,Aim to have over 85 coverage Reference: [https://arlive.atlassian.net/browse/MRA-1360|https://arlive.atlassian.net/browse/MRA-1360|smart-link],API,NO,API:2
Bug Bash -HealthCheck endpoint in SIT returns 400,12/02/2025 17:28,16/05/2025 16:30,,,,"h2. Description During bug bash on 11th, Feb. we found that in SIT, HealthCheck endpoint -still needs access token- returns 400 !image-20250211-035610-20250212-062904.png|width=1558,height=293,alt=""""image-20250211-035610-20250212-062904.png""""! h2. How To Reproduce # call {{https://sit-api.dev.ar-services.myob.com/accountright-sit/HealthCheck}} with or without an access token",API,YES,API:2; Customer Support:1; Prod/Test:2
Bug Bash - 500 in browser console when calling `sit-business-api-fake-tpa-web.svc.platform.myobdev.com/home`,12/02/2025 17:16,16/05/2025 16:30,,,,"h2. Description During bug bash on 11th, Feb. we found that in browser console there is 500 error when calling {{sit-business-api-fake-tpa-web.svc.platform.myobdev.com/home}} !91d0fea3-e30c-472a-91f9-9ff143a31df6-20250212-061944.png|width=2047,height=906,alt=""""91d0fea3-e30c-472a-91f9-9ff143a31df6-20250212-061944.png""""! h2. How To Reproduce # On fake-tpa website, select any scope to grant # login with a test account and see consent page. # click consent, wait until success and auto redirection to fake-tpa home page, the 500 error will show in browser console. The new consent workflow can still proceed and get a valid access token, but it is better to understand and solve the issue asap.",Feature Support,YES,API:1; Access Requests:1; Customer Support:1; Feature Support:2; Prod Errors:2; Prod/Test:2
/info endpoint is not accessible with new consent flow,10/02/2025 16:25,16/05/2025 16:25,,14/02/2025 13:12,,"h2. Description During the testing we‚Äôve found that if we call {{/Info}} endpoint using different case, e.g. {{/info}}, with the new consent flow, the call will fail with 401 error. h2. How To Reproduce # Get a consent with {{sme-company-file}} scope. # Make a call to {{/Info}} endpoint - it will succeed. # Make a call to {{/info}} endpoint - it will fail with 401 error. h2. Possible Root Cause In the consent validator {{Api/Service/Common/Huxley.API.Cloud.Infrastructure/Security/ConsentValidator.cs}} we whitelist {{/Info}} endpoint, but not its variants with the different casing.",API,YES,API:2; Customer Support:1; Feature Support:2; Other:1; Prod Errors:2; Prod/Test:2
WebRole_V2 Pipeline GatewayTimeout Errors,05/02/2025 14:51,13/05/2025 18:28,,14/03/2025 13:08,,"h3. Summary: The tests for the Public API *Huxley-API-Deploy-CI-WebRole_V2* are intermittently failing with a {{GatewayTimeout}} error, where the connection times out after {{29}} seconds, impacting the deployment pipeline. {{""""GatewayTimeout"""",""""Message"""":""""Connection to the API has timed out"""",""""AdditionalDetails"""":""""Maximum call time is 29 seconds""""}} We know that the _Message_ is incorrect as the code is actually failing after {{60}} second timeout - the Gateway team has been notified and has a ticket [IDAPI-1585|https://arlive.atlassian.net/browse/IDAPI-1585] to fix the message to say {{60}} seconds. Fixing the message will not fix the connection timeout. h3. Impact: It looks like the Inventory endpoint timeout is also is impacting our customers. Support Feature TPD request: [https://arlive.atlassian.net/browse/SAPTB-411|https://arlive.atlassian.net/browse/SAPTB-411|smart-link] Here is the 500 ticket, [https://arlive.atlassian.net/browse/MRA-1354|https://arlive.atlassian.net/browse/MRA-1354|smart-link] h3. Done-When: The API tests succeed without GatewayTimeout errors. h3. So-That: We can reliably deploy the Public API and avoid random test failures due to timeout inconsistencies. h3. Acceptance Criteria: * Increase the timeout setting from 29 seconds to 60 seconds in the CI environment to match production. [Actioned to Gateway team.|https://arlive.atlassian.net/browse/IDAPI-1585] * Investigate the root cause of the intermittent failures and implement a fix. * *Huxley-API-Deploy-CI-WebRole_V2* pipelines run gree. h4. Technical Information: * Links to Slack threads: [Thread 1|https://myob.slack.com/archives/C015414GC4F/p1738628104332159?thread_ts=1738209077.857789&cid=C015414GC4F], [Thread 2|https://myob.slack.com/archives/C018EA740D7/p1738557382772419] * Pipeline URL: [Huxley-API-Deploy-CI-WebRole_V2_Main|https://huxleybuild.myob.myobcorp.net/go/pipeline/activity/Huxley-API-Deploy-CI-WebRole_V2_Main] * Related Jira tickets: [IDAPI-1585|https://arlive.atlassian.net/browse/IDAPI-1585], [SAPTB-411|https://arlive.atlassian.net/browse/SAPTB-411] * The issue also affects the Inventory endpoint, impacting customers with SQL timeout errors. [SAPTB-411|https://arlive.atlassian.net/browse/SAPTB-411] !image-20250205-035445.png|width=1407,height=449,alt=""""image-20250205-035445.png""""! Here is where we raise it to the gateway team: [https://myob.slack.com/archives/C015414GC4F/p1738628104332159?thread_ts=1738209077.857789&cid=C015414GC4F|https://myob.slack.com/archives/C015414GC4F/p1738628104332159?thread_ts=1738209077.857789&cid=C015414GC4F|smart-link] Some more about the issue here: [https://myob.slack.com/archives/C018EA740D7/p1738557382772419|https://myob.slack.com/archives/C018EA740D7/p1738557382772419|smart-link]",Prod Errors,YES,API:3; Customer Support:2; Prod Errors:6; Prod/Test:2; Release Effort:2; Supplier Feeds:1
Nucleus Vulnerability[MED]: Out of bounds write in Pillow,07/01/2025 09:49,13/05/2025 17:13,,,,h3. Source: DEPENDABOT h3. Description: An issue was discovered in Pillow before 8.1.1. TiffDecode has a heap-based buffer overflow when decoding crafted YCbCr files because of certain interpretation conflicts with LibTIFF in RGBA mode. NOTE: this issue exists because of an incomplete fix for CVE-2020-35654. h3. Target: Asset name: myob-technology/developer-myob-website [main] - Path: app/src/requirements.txt h3. Solution: Update package pillow To version: 8.1.1 or higher. h3. Max Severity: Medium h3. Exploitable: No Date Discovered: 2024-10-08 h3. LINK: [https://nucleus-aus2.nucleussec.com/nucleus/public/app/index.php?sso=b3JnX2lkJTNEMTQwMDAwMDAlMjZkb21haW4lM0RteW9iLmNvbQ==#vuln/15000001/TURFMk9sTmxZM1Z5YVhSNVFXUjJhWE52Y25sSFNGTkJMVFUzYURNdE9YSm5jaTFqTWpSdA--/REVQRU5EQUJPVA--/VnVsbg--/false/MTUwMDAwMDE-/c3VtbWFyeQ--/false/false/37607474|https://nucleus-aus2.nucleussec.com/nucleus/public/app/index.php?sso=b3JnX2lkJTNEMTQwMDAwMDAlMjZkb21haW4lM0RteW9iLmNvbQ==#vuln/15000001/TURFMk9sTmxZM1Z5YVhSNVFXUjJhWE52Y25sSFNGTkJMVFUzYURNdE9YSm5jaTFqTWpSdA--/REVQRU5EQUJPVA--/VnVsbg--/false/MTUwMDAwMDE-/c3VtbWFyeQ--/false/false/37607474],Security,NO,Customer Support:1; Other:2; Prod Errors:1; Prod/Test:1; Security:2
